dataset,positive,tau,min_samples,n_repeats,max_d,selection,method,budget,coverage,coverage_se,purity,splits_with_groups,purity_reaches_tau,net_coverage,net_coverage_se,stability,conditions_spent,train_coverage,minus_vsf,minus_vsf_se,net_minus_vsf,net_minus_vsf_se,fold0_groups,selection_seconds
nursery,spec_prior,0.9,1,5,4,purity,vsf,1,0.0,0.0,,0,,0.0,0.0,,0.0,0.0,0.0,0.0,0.0,0.0,,0.032
nursery,spec_prior,0.9,1,5,4,purity,vsf,2,0.2114,0.0066,0.9896,25,1.0,0.1914,0.0105,1.0,2.0,0.2114,0.0,0.0,0.0,0.0,X_2+X_8#13,0.032
nursery,spec_prior,0.9,1,5,4,purity,vsf,4,0.2114,0.0066,0.9896,25,1.0,0.1914,0.0105,1.0,2.0,0.2114,0.0,0.0,0.0,0.0,X_2+X_8#13,0.032
nursery,spec_prior,0.9,1,5,4,purity,vsf,8,0.21,0.0072,0.9871,25,1.0,0.1855,0.0161,0.947,2.16,0.2115,0.0,0.0,0.0,0.0,X_2+X_8#13,0.032
nursery,spec_prior,0.9,1,5,4,purity,vsf,16,0.34,0.0078,0.9891,25,1.0,0.3061,0.0123,0.692,15.0,0.3553,0.0,0.0,0.0,0.0,X_2+X_5+X_8#41 | X_2+X_5+X_8#40 | X_2+X_5+X_8#43 | X_2+X_5+X_8#4 | X_2+X_5+X_8#37,0.032
nursery,spec_prior,0.9,1,5,4,purity,vsf,32,0.4228,0.0098,0.9896,25,1.0,0.3828,0.0147,1.0,18.0,0.4228,0.0,0.0,0.0,0.0,X_1+X_2+X_8#28 | X_1+X_2+X_8#1 | X_1+X_2+X_8#4 | X_1+X_2+X_8#16 | X_1+X_2+X_8#13 | X_1+X_2+X_8#43,0.032
nursery,spec_prior,0.9,1,5,4,purity,vsf_partial,1,0.0,0.0,,0,,0.0,0.0,,0.0,0.0,0.0,0.0,0.0,0.0,,0.085
nursery,spec_prior,0.9,1,5,4,purity,vsf_partial,2,0.2114,0.0066,0.9896,25,1.0,0.1914,0.0105,1.0,2.0,0.2114,0.0,0.0,0.0,0.0,X_2+X_8#13,0.085
nursery,spec_prior,0.9,1,5,4,purity,vsf_partial,4,0.2114,0.0066,0.9896,25,1.0,0.1914,0.0105,1.0,2.0,0.2114,0.0,0.0,0.0,0.0,X_2+X_8#13,0.085
nursery,spec_prior,0.9,1,5,4,purity,vsf_partial,8,0.3741,0.0082,0.9709,25,1.0,0.2735,0.0189,0.825,8.0,0.382,0.1641,0.0061,0.088,0.0181,X_2+X_8#13 | X_2+X_6+X_8#4 | X_2+X_7+X_8#41,0.085
nursery,spec_prior,0.9,1,5,4,purity,vsf_partial,16,0.4908,0.0104,0.9887,25,1.0,0.4405,0.0177,0.951,14.0,0.4935,0.1509,0.0053,0.1344,0.0128,X_2+X_8#13 | X_2+X_7+X_8#41 | X_1+X_2+X_8#1 | X_1+X_2+X_8#4 | X_1+X_2+X_8#16,0.085
nursery,spec_prior,0.9,1,5,4,purity,vsf_partial,32,0.5698,0.0097,0.9804,25,1.0,0.467,0.0165,0.837,29.52,0.5814,0.147,0.0057,0.0842,0.0163,X_2+X_8#13 | X_2+X_5+X_8#41 | X_1+X_2+X_8#1 | X_1+X_2+X_8#4 | X_1+X_2+X_8#16 | X_1+X_2+X_5+X_8#5 | X_1+X_2+X_5+X_8#58 | X_1+X_2+X_5+X_8#50 | X_1+X_2+X_5+X_8#94,0.085
nursery,spec_prior,0.9,1,5,4,purity,vsf_greedy,1,0.0,0.0,,0,,0.0,0.0,,0.0,0.0,0.0,0.0,0.0,0.0,,0.013
nursery,spec_prior,0.9,1,5,4,purity,vsf_greedy,2,0.2114,0.0066,0.9896,25,1.0,0.1914,0.0105,1.0,2.0,0.2114,0.0,0.0,0.0,0.0,X_2+X_8#13,0.013
nursery,spec_prior,0.9,1,5,4,purity,vsf_greedy,4,0.2114,0.0066,0.9896,25,1.0,0.1914,0.0105,1.0,2.0,0.2114,0.0,0.0,0.0,0.0,X_2+X_8#13,0.013
nursery,spec_prior,0.9,1,5,4,purity,vsf_greedy,8,0.2114,0.0066,0.9896,25,1.0,0.1914,0.0105,1.0,2.0,0.2114,0.0014,0.0039,0.0059,0.0158,X_2+X_8#13,0.013
nursery,spec_prior,0.9,1,5,4,purity,vsf_greedy,16,0.3407,0.0086,0.9898,25,1.0,0.3091,0.0138,0.717,15.0,0.3553,0.0008,0.0021,0.003,0.0081,X_1+X_2+X_8#28 | X_1+X_2+X_8#1 | X_1+X_2+X_8#4 | X_1+X_2+X_8#16 | X_1+X_2+X_8#13,0.013
nursery,spec_prior,0.9,1,5,4,purity,vsf_greedy,32,0.4228,0.0098,0.9896,25,1.0,0.3828,0.0147,1.0,18.0,0.4228,0.0,0.0,0.0,0.0,X_1+X_2+X_8#28 | X_1+X_2+X_8#1 | X_1+X_2+X_8#4 | X_1+X_2+X_8#16 | X_1+X_2+X_8#13 | X_1+X_2+X_8#43,0.013
nursery,spec_prior,0.9,1,5,4,purity,rules,1,0.0,0.0,,0,,0.0,0.0,,0.0,0.0,0.0,0.0,0.0,0.0,,0.09
nursery,spec_prior,0.9,1,5,4,purity,rules,2,0.2114,0.0066,0.9896,25,1.0,0.1914,0.0105,1.0,2.0,0.2114,0.0,0.0,0.0,0.0,X_2=4 & X_8=1,0.09
nursery,spec_prior,0.9,1,5,4,purity,rules,4,0.2114,0.0066,0.9896,25,1.0,0.1914,0.0105,1.0,2.0,0.2114,0.0,0.0,0.0,0.0,X_2=4 & X_8=1,0.09
nursery,spec_prior,0.9,1,5,4,purity,rules,8,0.4029,0.0067,0.9542,25,1.0,0.2284,0.0189,0.837,8.0,0.4091,0.1929,0.007,0.0429,0.0252,X_2=4 & X_8=1 | X_1=0 & X_6=1 & X_8=1 | X_2=4 & X_7=1 & X_8=2,0.09
nursery,spec_prior,0.9,1,5,4,purity,rules,16,0.5182,0.0084,0.9588,25,1.0,0.3174,0.0197,0.907,14.0,0.5251,0.1782,0.0073,0.0113,0.0199,X_2=4 & X_8=1 | X_1=0 & X_6=1 & X_8=1 | X_2=4 & X_7=1 & X_8=2 | X_1=1 & X_2=0 & X_8=1 | X_2=4 & X_5=1 & X_8=2,0.09
nursery,spec_prior,0.9,1,5,4,purity,rules,32,0.6789,0.0091,0.9439,25,1.0,0.3153,0.0359,0.935,30.0,0.6821,0.2561,0.0075,-0.0675,0.036,X_2=4 & X_8=1 | X_1=0 & X_6=1 & X_8=1 | X_2=4 & X_7=1 & X_8=2 | X_1=1 & X_2=0 & X_8=1 | X_2=4 & X_5=1 & X_8=2 | X_1=0 & X_5=1 & X_8=1 | X_1=0 & X_6=1 & X_7=1 & X_8=2 | X_2=0 & X_6=1 & X_8=1 | X_1=0 & X_2=1 & X_8=1 | X_1=0 & X_2=0 & X_8=1,0.09
nursery,spec_prior,0.9,1,5,4,purity,rules_pure,1,0.0,0.0,,0,,0.0,0.0,,0.0,0.0,0.0,0.0,0.0,0.0,,0.087
nursery,spec_prior,0.9,1,5,4,purity,rules_pure,2,0.2114,0.0066,0.9896,25,1.0,0.1914,0.0105,1.0,2.0,0.2114,0.0,0.0,0.0,0.0,X_2=4 & X_8=1,0.087
nursery,spec_prior,0.9,1,5,4,purity,rules_pure,4,0.2114,0.0066,0.9896,25,1.0,0.1914,0.0105,1.0,2.0,0.2114,0.0,0.0,0.0,0.0,X_2=4 & X_8=1,0.087
nursery,spec_prior,0.9,1,5,4,purity,rules_pure,8,0.4029,0.0067,0.9542,25,1.0,0.2284,0.0189,0.837,8.0,0.4091,0.1929,0.007,0.0429,0.0252,X_2=4 & X_8=1 | X_1=0 & X_6=1 & X_8=1 | X_2=4 & X_7=1 & X_8=2,0.087
nursery,spec_prior,0.9,1,5,4,purity,rules_pure,16,0.5182,0.0084,0.9588,25,1.0,0.3174,0.0197,0.907,14.0,0.5251,0.1782,0.0073,0.0113,0.0199,X_2=4 & X_8=1 | X_1=0 & X_6=1 & X_8=1 | X_2=4 & X_7=1 & X_8=2 | X_1=1 & X_2=0 & X_8=1 | X_2=4 & X_5=1 & X_8=2,0.087
nursery,spec_prior,0.9,1,5,4,purity,rules_pure,32,0.6789,0.0091,0.9439,25,1.0,0.3153,0.0359,0.935,30.0,0.6821,0.2561,0.0075,-0.0675,0.036,X_2=4 & X_8=1 | X_1=0 & X_6=1 & X_8=1 | X_2=4 & X_7=1 & X_8=2 | X_1=1 & X_2=0 & X_8=1 | X_2=4 & X_5=1 & X_8=2 | X_1=0 & X_5=1 & X_8=1 | X_1=0 & X_6=1 & X_7=1 & X_8=2 | X_2=0 & X_6=1 & X_8=1 | X_1=0 & X_2=1 & X_8=1 | X_1=0 & X_2=0 & X_8=1,0.087
nursery,spec_prior,0.9,1,5,4,purity,rules_disjoint,1,0.0,0.0,,0,,0.0,0.0,,0.0,0.0,0.0,0.0,0.0,0.0,,0.087
nursery,spec_prior,0.9,1,5,4,purity,rules_disjoint,2,0.2114,0.0066,0.9896,25,1.0,0.1914,0.0105,1.0,2.0,0.2114,0.0,0.0,0.0,0.0,X_2=4 & X_8=1,0.087
nursery,spec_prior,0.9,1,5,4,purity,rules_disjoint,4,0.2114,0.0066,0.9896,25,1.0,0.1914,0.0105,1.0,2.0,0.2114,0.0,0.0,0.0,0.0,X_2=4 & X_8=1,0.087
nursery,spec_prior,0.9,1,5,4,purity,rules_disjoint,8,0.3741,0.0082,0.9709,25,1.0,0.2735,0.0189,0.825,8.0,0.382,0.1641,0.0061,0.088,0.0181,X_2=4 & X_8=1 | X_2=0 & X_6=1 & X_8=1 | X_2=4 & X_7=1 & X_8=2,0.087
nursery,spec_prior,0.9,1,5,4,purity,rules_disjoint,16,0.4783,0.0093,0.9736,25,1.0,0.3617,0.0217,0.872,15.0,0.4873,0.1383,0.0061,0.0555,0.0169,X_2=4 & X_8=1 | X_2=0 & X_6=1 & X_8=1 | X_2=4 & X_7=1 & X_8=2 | X_1=0 & X_2=1 & X_8=1 | X_1=0 & X_2=0 & X_6=0 & X_8=1,0.087
nursery,spec_prior,0.9,1,5,4,purity,rules_disjoint,32,0.5872,0.0122,0.9683,25,1.0,0.4141,0.0302,0.866,31.0,0.6,0.1644,0.0072,0.0313,0.0241,X_2=4 & X_8=1 | X_2=0 & X_6=1 & X_8=1 | X_2=4 & X_7=1 & X_8=2 | X_1=0 & X_2=1 & X_8=1 | X_1=0 & X_2=0 & X_6=0 & X_8=1 | X_2=0 & X_6=1 & X_7=1 & X_8=2 | X_1=1 & X_2=0 & X_6=0 & X_8=1 | X_2=4 & X_5=1 & X_7=0 & X_8=2 | X_1=1 & X_2=1 & X_5=1 & X_8=1,0.087
nursery,spec_prior,0.9,1,5,4,purity,tree,1,0.0,0.0,,0,,0.0,0.0,,0.0,0.0,0.0,0.0,0.0,0.0,,0.208
nursery,spec_prior,0.9,1,5,4,purity,tree,2,0.0,0.0,,0,,0.0,0.0,,0.0,0.0,-0.2114,0.0066,-0.1914,0.0105,,0.208
nursery,spec_prior,0.9,1,5,4,purity,tree,4,0.2114,0.0066,0.9896,25,1.0,0.1914,0.0105,1.0,3.0,0.2114,0.0,0.0,0.0,0.0,entropy-None-depth3-leaf6,0.208
nursery,spec_prior,0.9,1,5,4,purity,tree,8,0.2268,0.0075,0.9967,25,1.0,0.2201,0.0085,0.849,8.0,0.2317,0.0168,0.005,0.0346,0.0151,entropy-None-depth4-leaf11 | entropy-None-depth4-leaf15,0.208
nursery,spec_prior,0.9,1,5,4,purity,tree,16,0.2819,0.0078,0.9896,25,1.0,0.2552,0.0124,1.0,12.0,0.2819,-0.0581,0.009,-0.0509,0.013,entropy-None-depth4-leaf11 | entropy-None-depth4-leaf15 | entropy-None-depth4-leaf12,0.208
nursery,spec_prior,0.9,1,5,4,purity,tree,32,0.2819,0.0078,0.9896,25,1.0,0.2552,0.0124,1.0,12.0,0.2819,-0.1409,0.0102,-0.1276,0.013,entropy-None-depth4-leaf11 | entropy-None-depth4-leaf15 | entropy-None-depth4-leaf12,0.208
nursery,spec_prior,0.9,1,5,4,purity,ssdpp,1,0.0041,0.0018,1.0,22,1.0,0.0041,0.0018,0.047,0.92,0.0027,0.0041,0.0018,0.0041,0.0018,ssdpp#58,4.322
nursery,spec_prior,0.9,1,5,4,purity,ssdpp,2,0.0298,0.0054,0.9502,25,0.84,0.0125,0.0064,0.517,2.0,0.0285,-0.1816,0.007,-0.1789,0.0077,ssdpp#58 | ssdpp#60,4.322
nursery,spec_prior,0.9,1,5,4,purity,ssdpp,4,0.1109,0.0057,1.0,25,1.0,0.1109,0.0057,0.951,3.92,0.1095,-0.1005,0.0066,-0.0805,0.0094,ssdpp#0 | ssdpp#58,4.322
nursery,spec_prior,0.9,1,5,4,purity,ssdpp,8,0.2042,0.0068,0.9835,25,1.0,0.173,0.01,0.544,8.0,0.2056,-0.0058,0.0065,-0.0125,0.0157,ssdpp#0 | ssdpp#3 | ssdpp#58 | ssdpp#60,4.322
nursery,spec_prior,0.9,1,5,4,purity,ssdpp,16,0.3366,0.0148,0.9849,25,1.0,0.2894,0.0131,0.552,16.0,0.3361,-0.0034,0.016,-0.0167,0.0144,ssdpp#0 | ssdpp#3 | ssdpp#7 | ssdpp#1 | ssdpp#17 | ssdpp#58,4.322
nursery,spec_prior,0.9,1,5,4,purity,ssdpp,32,0.4959,0.0146,0.9877,25,1.0,0.4394,0.0132,0.814,31.96,0.5008,0.0731,0.0145,0.0566,0.0146,ssdpp#0 | ssdpp#3 | ssdpp#7 | ssdpp#1 | ssdpp#17 | ssdpp#2 | ssdpp#15 | ssdpp#4 | ssdpp#5 | ssdpp#16,4.322
nursery,priority,0.7,1,5,4,purity,vsf,1,0.0,0.0,,0,,0.0,0.0,,0.0,0.0,0.0,0.0,0.0,0.0,,0.026
nursery,priority,0.7,1,5,4,purity,vsf,2,0.1455,0.0042,0.7658,25,1.0,0.0416,0.0091,0.283,2.0,0.1609,0.0,0.0,0.0,0.0,X_2+X_8#7,0.026
nursery,priority,0.7,1,5,4,purity,vsf,4,0.2982,0.0069,0.7716,25,1.0,0.0922,0.0139,0.374,4.0,0.3195,0.0,0.0,0.0,0.0,X_2+X_8#7 | X_2+X_8#10,0.026
nursery,priority,0.7,1,5,4,purity,vsf,8,0.6301,0.0107,0.7777,25,1.0,0.21,0.0193,1.0,8.0,0.6301,0.0,0.0,0.0,0.0,X_2+X_8#7 | X_2+X_8#10 | X_2+X_8#8 | X_2+X_8#11,0.026
nursery,priority,0.7,1,5,4,purity,vsf,16,0.6301,0.0107,0.7777,25,1.0,0.21,0.0193,1.0,8.0,0.6301,0.0,0.0,0.0,0.0,X_2+X_8#7 | X_2+X_8#10 | X_2+X_8#8 | X_2+X_8#11,0.026
nursery,priority,0.7,1,5,4,purity,vsf,32,0.6301,0.0107,0.7777,25,1.0,0.21,0.0193,1.0,8.0,0.6301,0.0,0.0,0.0,0.0,X_2+X_8#7 | X_2+X_8#10 | X_2+X_8#8 | X_2+X_8#11,0.026
nursery,priority,0.7,1,5,4,purity,vsf_partial,1,0.0,0.0,,0,,0.0,0.0,,0.0,0.0,0.0,0.0,0.0,0.0,,0.087
nursery,priority,0.7,1,5,4,purity,vsf_partial,2,0.1455,0.0042,0.7658,25,1.0,0.0416,0.0091,0.283,2.0,0.1609,0.0,0.0,0.0,0.0,X_2+X_8#7,0.087
nursery,priority,0.7,1,5,4,purity,vsf_partial,4,0.2982,0.0069,0.7716,25,1.0,0.0922,0.0139,0.374,4.0,0.3195,0.0,0.0,0.0,0.0,X_2+X_8#7 | X_2+X_8#10,0.087
nursery,priority,0.7,1,5,4,purity,vsf_partial,8,0.6301,0.0107,0.7777,25,1.0,0.21,0.0193,1.0,8.0,0.6301,0.0,0.0,0.0,0.0,X_2+X_8#7 | X_2+X_8#10 | X_2+X_8#8 | X_2+X_8#11,0.087
nursery,priority,0.7,1,5,4,purity,vsf_partial,16,0.7434,0.0089,0.7928,25,1.0,0.2901,0.0172,0.912,14.0,0.7519,0.1133,0.0054,0.0801,0.0062,X_2+X_8#7 | X_2+X_8#10 | X_2+X_8#8 | X_2+X_8#11 | X_1+X_2+X_8#34 | X_1+X_2+X_8#35,0.087
nursery,priority,0.7,1,5,4,purity,vsf_partial,32,0.8564,0.0073,0.7908,25,1.0,0.3276,0.0176,0.995,20.48,0.857,0.2263,0.0081,0.1176,0.013,X_2+X_8#7 | X_2+X_8#10 | X_2+X_8#8 | X_2+X_8#11 | X_1+X_2+X_8#34 | X_1+X_2+X_8#35 | X_1+X_2+X_8#20 | X_1+X_2+X_8#32,0.087
nursery,priority,0.7,1,5,4,purity,vsf_greedy,1,0.0,0.0,,0,,0.0,0.0,,0.0,0.0,0.0,0.0,0.0,0.0,,0.01
nursery,priority,0.7,1,5,4,purity,vsf_greedy,2,0.1455,0.0042,0.7658,25,1.0,0.0416,0.0091,0.283,2.0,0.1609,0.0,0.0,0.0,0.0,X_2+X_8#7,0.01
nursery,priority,0.7,1,5,4,purity,vsf_greedy,4,0.2982,0.0069,0.7716,25,1.0,0.0922,0.0139,0.374,4.0,0.3195,0.0,0.0,0.0,0.0,X_2+X_8#7 | X_2+X_8#10,0.01
nursery,priority,0.7,1,5,4,purity,vsf_greedy,8,0.6301,0.0107,0.7777,25,1.0,0.21,0.0193,1.0,8.0,0.6301,0.0,0.0,0.0,0.0,X_2+X_8#7 | X_2+X_8#10 | X_2+X_8#8 | X_2+X_8#11,0.01
nursery,priority,0.7,1,5,4,purity,vsf_greedy,16,0.6301,0.0107,0.7777,25,1.0,0.21,0.0193,1.0,8.0,0.6301,0.0,0.0,0.0,0.0,X_2+X_8#7 | X_2+X_8#10 | X_2+X_8#8 | X_2+X_8#11,0.01
nursery,priority,0.7,1,5,4,purity,vsf_greedy,32,0.6301,0.0107,0.7777,25,1.0,0.21,0.0193,1.0,8.0,0.6301,0.0,0.0,0.0,0.0,X_2+X_8#7 | X_2+X_8#10 | X_2+X_8#8 | X_2+X_8#11,0.01
nursery,priority,0.7,1,5,4,purity,rules,1,0.0,0.0,,0,,0.0,0.0,,0.0,0.0,0.0,0.0,0.0,0.0,,0.081
nursery,priority,0.7,1,5,4,purity,rules,2,0.1452,0.0041,0.7663,25,1.0,0.0417,0.009,0.277,2.0,0.1609,-0.0003,0.0008,0.0002,0.001,X_2=2 & X_8=1,0.081
nursery,priority,0.7,1,5,4,purity,rules,4,0.2982,0.0069,0.7716,25,1.0,0.0922,0.0139,0.374,4.0,0.3195,0.0,0.0,0.0,0.0,X_2=2 & X_8=1 | X_2=3 & X_8=1,0.081
nursery,priority,0.7,1,5,4,purity,rules,8,0.6301,0.0107,0.7777,25,1.0,0.21,0.0193,1.0,8.0,0.6301,0.0,0.0,0.0,0.0,X_2=2 & X_8=1 | X_2=3 & X_8=1 | X_2=2 & X_8=2 | X_2=3 & X_8=2,0.081
nursery,priority,0.7,1,5,4,purity,rules,16,0.744,0.0091,0.789,25,1.0,0.2791,0.0258,0.907,14.0,0.7527,0.1139,0.0054,0.069,0.0184,X_2=2 & X_8=1 | X_2=3 & X_8=1 | X_2=2 & X_8=2 | X_2=3 & X_8=2 | X_1=2 & X_2=1 & X_8=1 | X_1=2 & X_2=1 & X_8=2,0.081
nursery,priority,0.7,1,5,4,purity,rules,32,0.9024,0.0049,0.7619,25,1.0,0.2435,0.0281,0.957,30.88,0.9049,0.2723,0.0092,0.0334,0.0268,X_2=2 & X_8=1 | X_2=3 & X_8=1 | X_2=2 & X_8=2 | X_2=3 & X_8=2 | X_1=2 & X_2=1 & X_8=1 | X_1=2 & X_2=1 & X_8=2 | X_1=1 & X_2=1 & X_8=2 | X_1=2 & X_2=0 & X_8=2 | X_1=0 & X_5=0 & X_6=0 & X_8=2 | X_1=2 & X_5=0 & X_8=1 | X_2=4 & X_5=0 & X_6=0 & X_8=2,0.081
nursery,priority,0.7,1,5,4,purity,rules_pure,1,0.0,0.0,,0,,0.0,0.0,,0.0,0.0,0.0,0.0,0.0,0.0,,0.082
nursery,priority,0.7,1,5,4,purity,rules_pure,2,0.1452,0.0041,0.7663,25,1.0,0.0417,0.009,0.277,2.0,0.1609,-0.0003,0.0008,0.0002,0.001,X_2=2 & X_8=1,0.082
nursery,priority,0.7,1,5,4,purity,rules_pure,4,0.2982,0.0069,0.7716,25,1.0,0.0922,0.0139,0.374,4.0,0.3195,0.0,0.0,0.0,0.0,X_2=2 & X_8=1 | X_2=3 & X_8=1,0.082
nursery,priority,0.7,1,5,4,purity,rules_pure,8,0.6301,0.0107,0.7777,25,1.0,0.21,0.0193,1.0,8.0,0.6301,0.0,0.0,0.0,0.0,X_2=2 & X_8=1 | X_2=3 & X_8=1 | X_2=2 & X_8=2 | X_2=3 & X_8=2,0.082
nursery,priority,0.7,1,5,4,purity,rules_pure,16,0.744,0.0091,0.789,25,1.0,0.2791,0.0258,0.907,14.0,0.7527,0.1139,0.0054,0.069,0.0184,X_2=2 & X_8=1 | X_2=3 & X_8=1 | X_2=2 & X_8=2 | X_2=3 & X_8=2 | X_1=2 & X_2=1 & X_8=1 | X_1=2 & X_2=1 & X_8=2,0.082
nursery,priority,0.7,1,5,4,purity,rules_pure,32,0.9024,0.0049,0.7619,25,1.0,0.2435,0.0281,0.957,30.88,0.9049,0.2723,0.0092,0.0334,0.0268,X_2=2 & X_8=1 | X_2=3 & X_8=1 | X_2=2 & X_8=2 | X_2=3 & X_8=2 | X_1=2 & X_2=1 & X_8=1 | X_1=2 & X_2=1 & X_8=2 | X_1=1 & X_2=1 & X_8=2 | X_1=2 & X_2=0 & X_8=2 | X_1=0 & X_5=0 & X_6=0 & X_8=2 | X_1=2 & X_5=0 & X_8=1 | X_2=4 & X_5=0 & X_6=0 & X_8=2,0.082
nursery,priority,0.7,1,5,4,purity,rules_disjoint,1,0.0,0.0,,0,,0.0,0.0,,0.0,0.0,0.0,0.0,0.0,0.0,,0.082
nursery,priority,0.7,1,5,4,purity,rules_disjoint,2,0.1452,0.0041,0.7663,25,1.0,0.0417,0.009,0.277,2.0,0.1609,-0.0003,0.0008,0.0002,0.001,X_2=2 & X_8=1,0.082
nursery,priority,0.7,1,5,4,purity,rules_disjoint,4,0.2982,0.0069,0.7716,25,1.0,0.0922,0.0139,0.374,4.0,0.3195,0.0,0.0,0.0,0.0,X_2=2 & X_8=1 | X_2=3 & X_8=1,0.082
nursery,priority,0.7,1,5,4,purity,rules_disjoint,8,0.6301,0.0107,0.7777,25,1.0,0.21,0.0193,1.0,8.0,0.6301,0.0,0.0,0.0,0.0,X_2=2 & X_8=1 | X_2=3 & X_8=1 | X_2=2 & X_8=2 | X_2=3 & X_8=2,0.082
nursery,priority,0.7,1,5,4,purity,rules_disjoint,16,0.7436,0.0089,0.7932,25,1.0,0.2913,0.0171,0.916,14.0,0.7519,0.1135,0.0054,0.0813,0.006,X_2=2 & X_8=1 | X_2=3 & X_8=1 | X_2=2 & X_8=2 | X_2=3 & X_8=2 | X_1=2 & X_2=1 & X_8=1 | X_1=2 & X_2=1 & X_8=2,0.082
nursery,priority,0.7,1,5,4,purity,rules_disjoint,32,0.8688,0.0083,0.7879,25,1.0,0.3227,0.0184,0.976,23.84,0.8701,0.2387,0.0103,0.1127,0.0139,X_2=2 & X_8=1 | X_2=3 & X_8=1 | X_2=2 & X_8=2 | X_2=3 & X_8=2 | X_1=2 & X_2=1 & X_8=1 | X_1=2 & X_2=1 & X_8=2 | X_1=1 & X_2=1 & X_8=2 | X_1=2 & X_2=0 & X_8=2 | X_2=4 & X_5=0 & X_6=0 & X_8=2,0.082
nursery,priority,0.7,1,5,4,purity,tree,1,0.0,0.0,,0,,0.0,0.0,,0.0,0.0,0.0,0.0,0.0,0.0,,0.128
nursery,priority,0.7,1,5,4,purity,tree,2,0.0,0.0,,0,,0.0,0.0,,0.0,0.0,-0.1455,0.0042,-0.0416,0.0091,,0.128
nursery,priority,0.7,1,5,4,purity,tree,4,0.6737,0.0077,0.8317,25,1.0,0.3554,0.0187,1.0,4.0,0.6737,0.3755,0.0081,0.2632,0.022,entropy-None-depth4-leaf4,0.128
nursery,priority,0.7,1,5,4,purity,tree,8,0.6737,0.0077,0.8317,25,1.0,0.3554,0.0187,1.0,4.0,0.6737,0.0436,0.0078,0.1453,0.0184,entropy-None-depth4-leaf4,0.128
nursery,priority,0.7,1,5,4,purity,tree,16,0.6737,0.0077,0.8317,25,1.0,0.3554,0.0187,1.0,4.0,0.6737,0.0436,0.0078,0.1453,0.0184,entropy-None-depth4-leaf4,0.128
nursery,priority,0.7,1,5,4,purity,tree,32,0.6737,0.0077,0.8317,25,1.0,0.3554,0.0187,1.0,4.0,0.6737,0.0436,0.0078,0.1453,0.0184,entropy-None-depth4-leaf4,0.128
nursery,priority,0.7,1,5,4,purity,ssdpp,1,0.0006,0.0013,0.8571,2,1.0,0.0002,0.0004,0.0,0.08,0.0003,0.0006,0.0013,0.0002,0.0004,ssdpp#59,3.959
nursery,priority,0.7,1,5,4,purity,ssdpp,2,0.0063,0.002,0.8439,24,0.708,0.0025,0.0028,0.021,2.0,0.0065,-0.1391,0.0047,-0.0391,0.0089,ssdpp#39,3.959
nursery,priority,0.7,1,5,4,purity,ssdpp,4,0.0595,0.0027,0.9975,25,1.0,0.0591,0.0025,0.222,3.08,0.07,-0.2387,0.0072,-0.0331,0.014,ssdpp#0 | ssdpp#59,3.959
nursery,priority,0.7,1,5,4,purity,ssdpp,8,0.1287,0.0047,0.987,25,1.0,0.1245,0.0045,0.276,7.96,0.1447,-0.5014,0.0099,-0.0855,0.0187,ssdpp#0 | ssdpp#7 | ssdpp#39,3.959
nursery,priority,0.7,1,5,4,purity,ssdpp,16,0.3382,0.0099,0.9995,25,1.0,0.3377,0.0098,0.997,15.08,0.3379,-0.2919,0.0121,0.1277,0.0196,ssdpp#0 | ssdpp#7 | ssdpp#1 | ssdpp#9 | ssdpp#10 | ssdpp#59,3.959
nursery,priority,0.7,1,5,4,purity,ssdpp,32,0.4347,0.009,0.9985,25,1.0,0.4332,0.0101,0.773,31.84,0.4477,-0.1954,0.01,0.2232,0.0176,ssdpp#0 | ssdpp#7 | ssdpp#1 | ssdpp#9 | ssdpp#10 | ssdpp#11 | ssdpp#12 | ssdpp#13 | ssdpp#30 | ssdpp#2 | ssdpp#59,3.959
nursery,spec_prior,0.9,1,5,4,certified,vsf,1,0.0,0.0,,0,,0.0,0.0,,0.0,0.0,0.0,0.0,0.0,0.0,,0.209
nursery,spec_prior,0.9,1,5,4,certified,vsf,2,0.2114,0.0066,0.9896,25,1.0,0.1914,0.0105,1.0,2.0,0.2114,0.0,0.0,0.0,0.0,X_2+X_8#13,0.209
nursery,spec_prior,0.9,1,5,4,certified,vsf,4,0.2114,0.0066,0.9896,25,1.0,0.1914,0.0105,1.0,2.0,0.2114,0.0,0.0,0.0,0.0,X_2+X_8#13,0.209
nursery,spec_prior,0.9,1,5,4,certified,vsf,8,0.2114,0.0066,0.9896,25,1.0,0.1914,0.0105,1.0,2.0,0.2114,0.0,0.0,0.0,0.0,X_2+X_8#13,0.209
nursery,spec_prior,0.9,1,5,4,certified,vsf,16,0.3407,0.0086,0.9898,25,1.0,0.3091,0.0138,0.717,15.0,0.3553,0.0,0.0,0.0,0.0,X_1+X_2+X_8#28 | X_1+X_2+X_8#1 | X_1+X_2+X_8#4 | X_1+X_2+X_8#16 | X_1+X_2+X_8#13,0.209
nursery,spec_prior,0.9,1,5,4,certified,vsf,32,0.4228,0.0098,0.9896,25,1.0,0.3828,0.0147,1.0,18.0,0.4228,0.0,0.0,0.0,0.0,X_1+X_2+X_8#28 | X_1+X_2+X_8#1 | X_1+X_2+X_8#4 | X_1+X_2+X_8#16 | X_1+X_2+X_8#13 | X_1+X_2+X_8#43,0.209
nursery,spec_prior,0.9,1,5,4,certified,vsf_partial,1,0.0,0.0,,0,,0.0,0.0,,0.0,0.0,0.0,0.0,0.0,0.0,,0.226
nursery,spec_prior,0.9,1,5,4,certified,vsf_partial,2,0.2114,0.0066,0.9896,25,1.0,0.1914,0.0105,1.0,2.0,0.2114,0.0,0.0,0.0,0.0,X_2+X_8#13,0.226
nursery,spec_prior,0.9,1,5,4,certified,vsf_partial,4,0.2114,0.0066,0.9896,25,1.0,0.1914,0.0105,1.0,2.0,0.2114,0.0,0.0,0.0,0.0,X_2+X_8#13,0.226
nursery,spec_prior,0.9,1,5,4,certified,vsf_partial,8,0.3407,0.0079,0.9896,25,1.0,0.3087,0.0131,0.666,8.0,0.3552,0.1293,0.0056,0.1173,0.0075,X_2+X_8#13 | X_2+X_7+X_8#41 | X_1+X_2+X_8#1,0.226
nursery,spec_prior,0.9,1,5,4,certified,vsf_partial,16,0.4933,0.0102,0.9896,25,1.0,0.4466,0.0155,1.0,14.0,0.4933,0.1526,0.0053,0.1374,0.0068,X_2+X_8#13 | X_2+X_7+X_8#41 | X_1+X_2+X_8#1 | X_1+X_2+X_8#4 | X_1+X_2+X_8#16,0.226
nursery,spec_prior,0.9,1,5,4,certified,vsf_partial,32,0.4933,0.0102,0.9896,25,1.0,0.4466,0.0155,1.0,14.0,0.4933,0.0705,0.0043,0.0638,0.0051,X_2+X_8#13 | X_2+X_7+X_8#41 | X_1+X_2+X_8#1 | X_1+X_2+X_8#4 | X_1+X_2+X_8#16,0.226
nursery,spec_prior,0.9,1,5,4,certified,vsf_greedy,1,0.0,0.0,,0,,0.0,0.0,,0.0,0.0,0.0,0.0,0.0,0.0,,0.195
nursery,spec_prior,0.9,1,5,4,certified,vsf_greedy,2,0.2114,0.0066,0.9896,25,1.0,0.1914,0.0105,1.0,2.0,0.2114,0.0,0.0,0.0,0.0,X_2+X_8#13,0.195
nursery,spec_prior,0.9,1,5,4,certified,vsf_greedy,4,0.2114,0.0066,0.9896,25,1.0,0.1914,0.0105,1.0,2.0,0.2114,0.0,0.0,0.0,0.0,X_2+X_8#13,0.195
nursery,spec_prior,0.9,1,5,4,certified,vsf_greedy,8,0.2114,0.0066,0.9896,25,1.0,0.1914,0.0105,1.0,2.0,0.2114,0.0,0.0,0.0,0.0,X_2+X_8#13,0.195
nursery,spec_prior,0.9,1,5,4,certified,vsf_greedy,16,0.3407,0.0086,0.9898,25,1.0,0.3091,0.0138,0.717,15.0,0.3553,0.0,0.0,0.0,0.0,X_1+X_2+X_8#28 | X_1+X_2+X_8#1 | X_1+X_2+X_8#4 | X_1+X_2+X_8#16 | X_1+X_2+X_8#13,0.195
nursery,spec_prior,0.9,1,5,4,certified,vsf_greedy,32,0.4228,0.0098,0.9896,25,1.0,0.3828,0.0147,1.0,18.0,0.4228,0.0,0.0,0.0,0.0,X_1+X_2+X_8#28 | X_1+X_2+X_8#1 | X_1+X_2+X_8#4 | X_1+X_2+X_8#16 | X_1+X_2+X_8#13 | X_1+X_2+X_8#43,0.195
nursery,spec_prior,0.9,1,5,4,certified,rules,1,0.0,0.0,,0,,0.0,0.0,,0.0,0.0,0.0,0.0,0.0,0.0,,0.233
nursery,spec_prior,0.9,1,5,4,certified,rules,2,0.2114,0.0066,0.9896,25,1.0,0.1914,0.0105,1.0,2.0,0.2114,0.0,0.0,0.0,0.0,X_2=4 & X_8=1,0.233
nursery,spec_prior,0.9,1,5,4,certified,rules,4,0.2114,0.0066,0.9896,25,1.0,0.1914,0.0105,1.0,2.0,0.2114,0.0,0.0,0.0,0.0,X_2=4 & X_8=1,0.233
nursery,spec_prior,0.9,1,5,4,certified,rules,8,0.3699,0.0091,0.9842,25,1.0,0.3165,0.0147,0.836,8.0,0.3749,0.1585,0.0067,0.1251,0.0112,X_2=4 & X_8=1 | X_1=0 & X_5=1 & X_8=1 | X_2=4 & X_7=1 & X_8=2,0.233
nursery,spec_prior,0.9,1,5,4,certified,rules,16,0.4869,0.0104,0.9854,25,1.0,0.422,0.017,0.91,14.0,0.4921,0.1462,0.006,0.1128,0.0132,X_2=4 & X_8=1 | X_1=0 & X_5=1 & X_8=1 | X_2=4 & X_7=1 & X_8=2 | X_1=1 & X_2=0 & X_8=1 | X_1=0 & X_2=1 & X_8=1,0.233
nursery,spec_prior,0.9,1,5,4,certified,rules,32,0.5846,0.0106,0.9839,25,1.0,0.4982,0.016,0.985,31.28,0.5844,0.1617,0.0087,0.1154,0.0122,X_2=4 & X_8=1 | X_1=0 & X_5=1 & X_8=1 | X_2=4 & X_7=1 & X_8=2 | X_1=1 & X_2=0 & X_8=1 | X_1=0 & X_2=1 & X_8=1 | X_1=0 & X_2=0 & X_8=1 | X_2=0 & X_5=1 & X_8=1 | X_1=0 & X_4=2 & X_6=1 & X_8=1 | X_1=0 & X_4=3 & X_6=1 & X_8=1 | X_1=0 & X_3=2 & X_6=1 & X_8=1,0.233
nursery,spec_prior,0.9,1,5,4,certified,rules_pure,1,0.0,0.0,,0,,0.0,0.0,,0.0,0.0,0.0,0.0,0.0,0.0,,0.231
nursery,spec_prior,0.9,1,5,4,certified,rules_pure,2,0.2114,0.0066,0.9896,25,1.0,0.1914,0.0105,1.0,2.0,0.2114,0.0,0.0,0.0,0.0,X_2=4 & X_8=1,0.231
nursery,spec_prior,0.9,1,5,4,certified,rules_pure,4,0.2114,0.0066,0.9896,25,1.0,0.1914,0.0105,1.0,2.0,0.2114,0.0,0.0,0.0,0.0,X_2=4 & X_8=1,0.231
nursery,spec_prior,0.9,1,5,4,certified,rules_pure,8,0.3699,0.0091,0.9842,25,1.0,0.3165,0.0147,0.836,8.0,0.3749,0.1585,0.0067,0.1251,0.0112,X_2=4 & X_8=1 | X_1=0 & X_5=1 & X_8=1 | X_2=4 & X_7=1 & X_8=2,0.231
nursery,spec_prior,0.9,1,5,4,certified,rules_pure,16,0.4869,0.0104,0.9854,25,1.0,0.422,0.017,0.91,14.0,0.4921,0.1462,0.006,0.1128,0.0132,X_2=4 & X_8=1 | X_1=0 & X_5=1 & X_8=1 | X_2=4 & X_7=1 & X_8=2 | X_1=1 & X_2=0 & X_8=1 | X_1=0 & X_2=1 & X_8=1,0.231
nursery,spec_prior,0.9,1,5,4,certified,rules_pure,32,0.5846,0.0106,0.9839,25,1.0,0.4982,0.016,0.985,31.28,0.5844,0.1617,0.0087,0.1154,0.0122,X_2=4 & X_8=1 | X_1=0 & X_5=1 & X_8=1 | X_2=4 & X_7=1 & X_8=2 | X_1=1 & X_2=0 & X_8=1 | X_1=0 & X_2=1 & X_8=1 | X_1=0 & X_2=0 & X_8=1 | X_2=0 & X_5=1 & X_8=1 | X_1=0 & X_4=2 & X_6=1 & X_8=1 | X_1=0 & X_4=3 & X_6=1 & X_8=1 | X_1=0 & X_3=2 & X_6=1 & X_8=1,0.231
nursery,spec_prior,0.9,1,5,4,certified,rules_disjoint,1,0.0,0.0,,0,,0.0,0.0,,0.0,0.0,0.0,0.0,0.0,0.0,,0.229
nursery,spec_prior,0.9,1,5,4,certified,rules_disjoint,2,0.2114,0.0066,0.9896,25,1.0,0.1914,0.0105,1.0,2.0,0.2114,0.0,0.0,0.0,0.0,X_2=4 & X_8=1,0.229
nursery,spec_prior,0.9,1,5,4,certified,rules_disjoint,4,0.2114,0.0066,0.9896,25,1.0,0.1914,0.0105,1.0,2.0,0.2114,0.0,0.0,0.0,0.0,X_2=4 & X_8=1,0.229
nursery,spec_prior,0.9,1,5,4,certified,rules_disjoint,8,0.3407,0.0079,0.9898,25,1.0,0.3091,0.0132,0.666,8.0,0.3552,0.1293,0.0056,0.1177,0.0074,X_2=4 & X_8=1 | X_2=4 & X_7=1 & X_8=2 | X_1=0 & X_2=0 & X_8=1,0.229
nursery,spec_prior,0.9,1,5,4,certified,rules_disjoint,16,0.4864,0.0181,0.9896,25,1.0,0.4406,0.0218,0.965,13.76,0.4879,0.1457,0.0155,0.1315,0.014,X_2=4 & X_8=1 | X_2=4 & X_7=1 & X_8=2 | X_1=0 & X_2=0 & X_8=1 | X_1=0 & X_2=1 & X_8=1 | X_1=1 & X_2=0 & X_8=1,0.229
nursery,spec_prior,0.9,1,5,4,certified,rules_disjoint,32,0.4864,0.0181,0.9896,25,1.0,0.4406,0.0218,0.965,13.76,0.4879,0.0636,0.0151,0.0578,0.0136,X_2=4 & X_8=1 | X_2=4 & X_7=1 & X_8=2 | X_1=0 & X_2=0 & X_8=1 | X_1=0 & X_2=1 & X_8=1 | X_1=1 & X_2=0 & X_8=1,0.229
nursery,spec_prior,0.9,1,5,4,certified,tree,1,0.0,0.0,,0,,0.0,0.0,,0.0,0.0,0.0,0.0,0.0,0.0,,0.31
nursery,spec_prior,0.9,1,5,4,certified,tree,2,0.0,0.0,,0,,0.0,0.0,,0.0,0.0,-0.2114,0.0066,-0.1914,0.0105,,0.31
nursery,spec_prior,0.9,1,5,4,certified,tree,4,0.2114,0.0066,0.9896,25,1.0,0.1914,0.0105,1.0,3.0,0.2114,0.0,0.0,0.0,0.0,entropy-None-depth3-leaf6,0.31
nursery,spec_prior,0.9,1,5,4,certified,tree,8,0.2268,0.0075,0.9967,25,1.0,0.2201,0.0085,0.849,8.0,0.2317,0.0154,0.0049,0.0287,0.0091,entropy-None-depth4-leaf11 | entropy-None-depth4-leaf15,0.31
nursery,spec_prior,0.9,1,5,4,certified,tree,16,0.2268,0.0075,0.9967,25,1.0,0.2201,0.0085,0.849,8.0,0.2317,-0.1139,0.0098,-0.089,0.0144,entropy-None-depth4-leaf11 | entropy-None-depth4-leaf15,0.31
nursery,spec_prior,0.9,1,5,4,certified,tree,32,0.2268,0.0075,0.9967,25,1.0,0.2201,0.0085,0.849,8.0,0.2317,-0.196,0.0106,-0.1627,0.0155,entropy-None-depth4-leaf11 | entropy-None-depth4-leaf15,0.31
nursery,spec_prior,0.9,1,5,4,certified,ssdpp,1,0.0,0.0,,0,,0.0,0.0,,0.0,0.0,0.0,0.0,0.0,0.0,,3.361
nursery,spec_prior,0.9,1,5,4,certified,ssdpp,2,0.0,0.0,,0,,0.0,0.0,,0.0,0.0,-0.2114,0.0066,-0.1914,0.0105,,3.361
nursery,spec_prior,0.9,1,5,4,certified,ssdpp,4,0.1068,0.0051,1.0,25,1.0,0.1068,0.0051,1.0,3.0,0.1068,-0.1046,0.006,-0.0846,0.009,ssdpp#0,3.361
nursery,spec_prior,0.9,1,5,4,certified,ssdpp,8,0.1733,0.0085,0.9913,25,1.0,0.1595,0.0079,0.559,6.04,0.1765,-0.0381,0.0095,-0.0318,0.0112,ssdpp#0 | ssdpp#2,3.361
nursery,spec_prior,0.9,1,5,4,certified,ssdpp,16,0.2921,0.0252,0.9902,25,1.0,0.2654,0.0215,0.557,13.8,0.3007,-0.0486,0.027,-0.0437,0.027,ssdpp#0 | ssdpp#2 | ssdpp#1 | ssdpp#3,3.361
nursery,spec_prior,0.9,1,5,4,certified,ssdpp,32,0.303,0.0281,0.9905,25,1.0,0.2763,0.0249,0.573,15.2,0.314,-0.1199,0.0295,-0.1065,0.0316,ssdpp#0 | ssdpp#2 | ssdpp#1 | ssdpp#3 | ssdpp#4,3.361
nursery,priority,0.7,1,5,4,certified,vsf,1,0.0,0.0,,0,,0.0,0.0,,0.0,0.0,0.0,0.0,0.0,0.0,,0.207
nursery,priority,0.7,1,5,4,certified,vsf,2,0.1475,0.0058,0.7615,25,1.0,0.0398,0.0082,0.333,2.0,0.1605,0.0,0.0,0.0,0.0,X_2+X_8#7,0.207
nursery,priority,0.7,1,5,4,certified,vsf,4,0.2711,0.0312,0.7634,25,1.0,0.0743,0.0124,0.396,3.6,0.2872,0.0,0.0,0.0,0.0,X_2+X_8#7 | X_2+X_8#10,0.207
nursery,priority,0.7,1,5,4,certified,vsf,8,0.3564,0.0736,0.7754,25,1.0,0.105,0.0169,0.469,5.44,0.3703,0.0,0.0,0.0,0.0,X_2+X_8#7 | X_2+X_8#10 | X_2+X_8#11,0.207
nursery,priority,0.7,1,5,4,certified,vsf,16,0.4049,0.0466,0.8947,25,1.0,0.2475,0.0586,0.624,11.2,0.411,0.0,0.0,0.0,0.0,X_2+X_8#7 | X_2+X_8#10 | X_2+X_8#11,0.207
nursery,priority,0.7,1,5,4,certified,vsf,32,0.4049,0.0466,0.8947,25,1.0,0.2475,0.0586,0.624,11.2,0.411,0.0,0.0,0.0,0.0,X_2+X_8#7 | X_2+X_8#10 | X_2+X_8#11,0.207
nursery,priority,0.7,1,5,4,certified,vsf_partial,1,0.0,0.0,,0,,0.0,0.0,,0.0,0.0,0.0,0.0,0.0,0.0,,0.232
nursery,priority,0.7,1,5,4,certified,vsf_partial,2,0.1475,0.0058,0.7615,25,1.0,0.0398,0.0082,0.333,2.0,0.1605,0.0,0.0,0.0,0.0,X_2+X_8#7,0.232
nursery,priority,0.7,1,5,4,certified,vsf_partial,4,0.2711,0.0312,0.7634,25,1.0,0.0743,0.0124,0.396,3.6,0.2872,0.0,0.0,0.0,0.0,X_2+X_8#7 | X_2+X_8#10,0.232
nursery,priority,0.7,1,5,4,certified,vsf_partial,8,0.417,0.0431,0.7754,25,1.0,0.1306,0.0131,0.551,6.92,0.4301,0.0606,0.0336,0.0256,0.015,X_2+X_8#7 | X_2+X_8#10 | X_2+X_8#11,0.232
nursery,priority,0.7,1,5,4,certified,vsf_partial,16,0.5589,0.0465,0.8172,25,1.0,0.2599,0.0225,0.692,14.32,0.5689,0.154,0.0258,0.0123,0.0541,X_2+X_8#7 | X_2+X_8#10 | X_2+X_8#11 | X_2+X_6+X_8#17 | X_1+X_2+X_8#34,0.232
nursery,priority,0.7,1,5,4,certified,vsf_partial,32,0.6069,0.0504,0.8352,25,1.0,0.3231,0.0372,0.677,25.88,0.6232,0.202,0.0313,0.0756,0.0611,X_2+X_8#7 | X_2+X_8#10 | X_2+X_8#11 | X_1+X_2+X_8#34 | X_1+X_2+X_7+X_8#62 | X_1+X_2+X_7+X_8#113 | X_1+X_2+X_7+X_8#20 | X_1+X_2+X_7+X_8#104 | X_1+X_2+X_7+X_8#26,0.232
nursery,priority,0.7,1,5,4,certified,vsf_greedy,1,0.0,0.0,,0,,0.0,0.0,,0.0,0.0,0.0,0.0,0.0,0.0,,0.194
nursery,priority,0.7,1,5,4,certified,vsf_greedy,2,0.1475,0.0058,0.7615,25,1.0,0.0398,0.0082,0.333,2.0,0.1605,0.0,0.0,0.0,0.0,X_2+X_8#7,0.194
nursery,priority,0.7,1,5,4,certified,vsf_greedy,4,0.2711,0.0312,0.7634,25,1.0,0.0743,0.0124,0.396,3.6,0.2872,0.0,0.0,0.0,0.0,X_2+X_8#7 | X_2+X_8#10,0.194
nursery,priority,0.7,1,5,4,certified,vsf_greedy,8,0.3567,0.0734,0.7651,25,1.0,0.0992,0.0208,0.474,4.64,0.3683,0.0003,0.0029,-0.0058,0.0088,X_2+X_8#7 | X_2+X_8#10 | X_2+X_8#11,0.194
nursery,priority,0.7,1,5,4,certified,vsf_greedy,16,0.4049,0.0466,0.8947,25,1.0,0.2475,0.0586,0.624,11.2,0.411,0.0,0.0,0.0,0.0,X_2+X_8#7 | X_2+X_8#10 | X_2+X_8#11,0.194
nursery,priority,0.7,1,5,4,certified,vsf_greedy,32,0.4049,0.0466,0.8947,25,1.0,0.2475,0.0586,0.624,11.2,0.411,0.0,0.0,0.0,0.0,X_2+X_8#7 | X_2+X_8#10 | X_2+X_8#11,0.194
nursery,priority,0.7,1,5,4,certified,rules,1,0.0,0.0,,0,,0.0,0.0,,0.0,0.0,0.0,0.0,0.0,0.0,,0.235
nursery,priority,0.7,1,5,4,certified,rules,2,0.1475,0.0058,0.762,25,1.0,0.0401,0.0082,0.327,2.0,0.1605,0.0,0.0,0.0003,0.0009,X_2=2 & X_8=1,0.235
nursery,priority,0.7,1,5,4,certified,rules,4,0.2711,0.0312,0.7634,25,1.0,0.0743,0.0124,0.396,3.6,0.2872,0.0,0.0,0.0,0.0,X_2=2 & X_8=1 | X_2=3 & X_8=1,0.235
nursery,priority,0.7,1,5,4,certified,rules,8,0.417,0.0431,0.7754,25,1.0,0.1306,0.0131,0.551,6.92,0.4301,0.0606,0.0336,0.0256,0.015,X_2=2 & X_8=1 | X_2=3 & X_8=1 | X_2=3 & X_8=2,0.235
nursery,priority,0.7,1,5,4,certified,rules,16,0.576,0.0433,0.8127,25,1.0,0.2604,0.0184,0.731,15.12,0.5848,0.1711,0.0271,0.0129,0.0542,X_2=2 & X_8=1 | X_2=3 & X_8=1 | X_2=3 & X_8=2 | X_2=2 & X_6=1 & X_8=2 | X_1=2 & X_2=1 & X_8=1 | X_2=2 & X_5=1 & X_8=2,0.235
nursery,priority,0.7,1,5,4,certified,rules,32,0.6801,0.0341,0.8328,25,1.0,0.3561,0.0227,0.769,30.92,0.6929,0.2752,0.024,0.1086,0.0492,X_2=2 & X_8=1 | X_2=3 & X_8=1 | X_2=3 & X_8=2 | X_2=2 & X_6=1 & X_8=2 | X_1=2 & X_2=1 & X_8=1 | X_2=2 & X_5=1 & X_8=2 | X_1=0 & X_5=0 & X_6=0 & X_8=2 | X_1=1 & X_2=1 & X_7=2 & X_8=2 | X_1=2 & X_2=1 & X_7=1 & X_8=2 | X_1=1 & X_2=1 & X_7=0 & X_8=2,0.235
nursery,priority,0.7,1,5,4,certified,rules_pure,1,0.0,0.0,,0,,0.0,0.0,,0.0,0.0,0.0,0.0,0.0,0.0,,0.235
nursery,priority,0.7,1,5,4,certified,rules_pure,2,0.1475,0.0058,0.762,25,1.0,0.0401,0.0082,0.327,2.0,0.1605,0.0,0.0,0.0003,0.0009,X_2=2 & X_8=1,0.235
nursery,priority,0.7,1,5,4,certified,rules_pure,4,0.2711,0.0312,0.7634,25,1.0,0.0743,0.0124,0.396,3.6,0.2872,0.0,0.0,0.0,0.0,X_2=2 & X_8=1 | X_2=3 & X_8=1,0.235
nursery,priority,0.7,1,5,4,certified,rules_pure,8,0.417,0.0431,0.7754,25,1.0,0.1306,0.0131,0.551,6.92,0.4301,0.0606,0.0336,0.0256,0.015,X_2=2 & X_8=1 | X_2=3 & X_8=1 | X_2=3 & X_8=2,0.235
nursery,priority,0.7,1,5,4,certified,rules_pure,16,0.576,0.0433,0.8127,25,1.0,0.2604,0.0184,0.731,15.12,0.5848,0.1711,0.0271,0.0129,0.0542,X_2=2 & X_8=1 | X_2=3 & X_8=1 | X_2=3 & X_8=2 | X_2=2 & X_6=1 & X_8=2 | X_1=2 & X_2=1 & X_8=1 | X_2=2 & X_5=1 & X_8=2,0.235
nursery,priority,0.7,1,5,4,certified,rules_pure,32,0.6801,0.0341,0.8328,25,1.0,0.3561,0.0227,0.769,30.92,0.6929,0.2752,0.024,0.1086,0.0492,X_2=2 & X_8=1 | X_2=3 & X_8=1 | X_2=3 & X_8=2 | X_2=2 & X_6=1 & X_8=2 | X_1=2 & X_2=1 & X_8=1 | X_2=2 & X_5=1 & X_8=2 | X_1=0 & X_5=0 & X_6=0 & X_8=2 | X_1=1 & X_2=1 & X_7=2 & X_8=2 | X_1=2 & X_2=1 & X_7=1 & X_8=2 | X_1=1 & X_2=1 & X_7=0 & X_8=2,0.235
nursery,priority,0.7,1,5,4,certified,rules_disjoint,1,0.0,0.0,,0,,0.0,0.0,,0.0,0.0,0.0,0.0,0.0,0.0,,0.233
nursery,priority,0.7,1,5,4,certified,rules_disjoint,2,0.1475,0.0058,0.762,25,1.0,0.0401,0.0082,0.327,2.0,0.1605,0.0,0.0,0.0003,0.0009,X_2=2 & X_8=1,0.233
nursery,priority,0.7,1,5,4,certified,rules_disjoint,4,0.2711,0.0312,0.7634,25,1.0,0.0743,0.0124,0.396,3.6,0.2872,0.0,0.0,0.0,0.0,X_2=2 & X_8=1 | X_2=3 & X_8=1,0.233
nursery,priority,0.7,1,5,4,certified,rules_disjoint,8,0.417,0.0431,0.7754,25,1.0,0.1306,0.0131,0.551,6.92,0.4301,0.0606,0.0336,0.0256,0.015,X_2=2 & X_8=1 | X_2=3 & X_8=1 | X_2=3 & X_8=2,0.233
nursery,priority,0.7,1,5,4,certified,rules_disjoint,16,0.5664,0.0434,0.8117,25,1.0,0.2541,0.0185,0.702,14.68,0.5766,0.1615,0.0236,0.0066,0.0556,X_2=2 & X_8=1 | X_2=3 & X_8=1 | X_2=3 & X_8=2 | X_2=2 & X_6=1 & X_8=2 | X_1=2 & X_2=1 & X_8=1 | X_1=1 & X_2=1 & X_7=2 & X_8=2,0.233
nursery,priority,0.7,1,5,4,certified,rules_disjoint,32,0.6664,0.0403,0.8337,25,1.0,0.3509,0.0191,0.742,30.6,0.6774,0.2615,0.022,0.1034,0.0555,X_2=2 & X_8=1 | X_2=3 & X_8=1 | X_2=3 & X_8=2 | X_2=2 & X_6=1 & X_8=2 | X_1=2 & X_2=1 & X_8=1 | X_1=1 & X_2=1 & X_7=2 & X_8=2 | X_1=2 & X_2=1 & X_7=1 & X_8=2 | X_1=1 & X_2=1 & X_7=0 & X_8=2 | X_1=2 & X_2=0 & X_7=2 & X_8=2 | X_1=2 & X_2=0 & X_7=0 & X_8=2,0.233
nursery,priority,0.7,1,5,4,certified,tree,1,0.0,0.0,,0,,0.0,0.0,,0.0,0.0,0.0,0.0,0.0,0.0,,0.31
nursery,priority,0.7,1,5,4,certified,tree,2,0.0,0.0,,0,,0.0,0.0,,0.0,0.0,-0.1475,0.0058,-0.0398,0.0082,,0.31
nursery,priority,0.7,1,5,4,certified,tree,4,0.6737,0.0077,0.8317,25,1.0,0.3554,0.0187,1.0,4.0,0.6737,0.4026,0.0336,0.281,0.0214,entropy-None-depth4-leaf4,0.31
nursery,priority,0.7,1,5,4,certified,tree,8,0.6737,0.0077,0.8317,25,1.0,0.3554,0.0187,1.0,4.0,0.6737,0.3173,0.0761,0.2504,0.0272,entropy-None-depth4-leaf4,0.31
nursery,priority,0.7,1,5,4,certified,tree,16,0.6737,0.0077,0.8317,25,1.0,0.3554,0.0187,1.0,4.0,0.6737,0.2688,0.0481,0.1079,0.0563,entropy-None-depth4-leaf4,0.31
nursery,priority,0.7,1,5,4,certified,tree,32,0.6737,0.0077,0.8317,25,1.0,0.3554,0.0187,1.0,4.0,0.6737,0.2688,0.0481,0.1079,0.0563,entropy-None-depth4-leaf4,0.31
nursery,priority,0.7,1,5,4,certified,ssdpp,1,0.0,0.0,,0,,0.0,0.0,,0.0,0.0,0.0,0.0,0.0,0.0,,4.138
nursery,priority,0.7,1,5,4,certified,ssdpp,2,0.0,0.0,,0,,0.0,0.0,,0.0,0.0,-0.1475,0.0058,-0.0398,0.0082,,4.138
nursery,priority,0.7,1,5,4,certified,ssdpp,4,0.0589,0.0025,1.0,25,1.0,0.0589,0.0025,0.223,3.0,0.0697,-0.2122,0.0318,-0.0154,0.0136,ssdpp#0,4.138
nursery,priority,0.7,1,5,4,certified,ssdpp,8,0.1222,0.0047,1.0,25,1.0,0.1222,0.0047,0.299,6.0,0.1382,-0.2342,0.0752,0.0172,0.0185,ssdpp#0 | ssdpp#7,4.138
nursery,priority,0.7,1,5,4,certified,ssdpp,16,0.3376,0.0098,1.0,25,1.0,0.3376,0.0098,1.0,15.0,0.3376,-0.0674,0.0453,0.09,0.0562,ssdpp#0 | ssdpp#7 | ssdpp#1 | ssdpp#9 | ssdpp#10,4.138
nursery,priority,0.7,1,5,4,certified,ssdpp,32,0.434,0.0101,0.9997,25,1.0,0.4337,0.0102,0.785,31.44,0.4463,0.0291,0.0482,0.1862,0.0547,ssdpp#0 | ssdpp#7 | ssdpp#1 | ssdpp#9 | ssdpp#10 | ssdpp#11 | ssdpp#12 | ssdpp#13 | ssdpp#21 | ssdpp#2,4.138
