dataset,positive,tau,m,selection,budget,cov_vsf,cov_partial,cov_rules_disjoint,cov_rules,cov_tree,cov_greedy,partial_vs_vsf,partial_vs_rules_disjoint,vsf_vs_rules_disjoint,partial_vs_tree,vsf_vs_greedy,net_partial,net_rules,net_rules_disjoint,net_vsf,net_tree,partial_vs_rules_net,gap_closed,purity_ok_vsf,purity_ok_partial,purity_ok_rules_disjoint,purity_ok_rules
titanic,survived,0.9,1,purity,2,0.26729752770673487,0.26729752770673487,0.26729752770673487,0.26729752770673487,0.1550468883205456,0.08129582267689685,=,=,=,=,+,0.1514407502131287,0.1514407502131287,0.1514407502131287,0.1514407502131287,0.04479113384484226,=,,0.96,0.96,0.96,0.96
titanic,survived,0.9,1,purity,4,0.4708098891730605,0.4708098891730605,0.46433930093776643,0.4702216538789428,0.504774083546462,0.1544671781756181,=,=,=,-,+,0.23433930093776634,0.19669224211423691,0.1961040068201193,0.23433930093776634,0.1895822676896845,=,,0.96,0.96,0.92,0.92
titanic,survived,0.9,1,purity,8,0.4708098891730605,0.5240068201193521,0.5269309462915601,0.5339812446717818,0.5106393861892583,0.2410826939471441,+,=,-,=,+,0.2875362318840579,-0.003103154305200459,0.2322250639386189,0.23433930093776634,0.19007672634271094,=,0.9478960960048604,0.96,0.96,0.92,0.6
titanic,survived,0.9,1,purity,16,0.48309462915601026,0.5298891730605285,0.543921568627451,0.5538618925831202,0.5117817561807332,0.31884910485933504,+,=,-,=,+,0.2089428815004262,-0.22567774936061397,0.054023870417732225,0.24662404092071605,0.18592497868712698,+,0.7693062368605456,0.96,0.88,0.64,0.12
titanic,survived,0.9,1,purity,32,0.48306905370843994,0.5281244671781756,0.571457800511509,0.5854816709292412,0.5141176470588236,0.3533930093776641,+,-,-,=,+,0.06469735720375099,-0.4153367433930096,-0.2032480818414324,0.2518158567774935,0.19355498721227615,+,0.5097415123456788,0.96,0.6,0.32,0.04
titanic,survived,0.7,1,purity,1,0.6812531969309462,0.6812531969309462,0.6812531969309462,0.6812531969309462,0.46827791986359757,0.6702387041773231,=,=,=,=,=,0.12837453822108558,0.12837453822108558,0.12837453822108558,0.12837453822108558,-0.016032963910201703,=,,0.88,0.88,0.88,0.88
titanic,survived,0.7,1,purity,2,0.6812531969309462,0.6812531969309462,0.6812531969309462,0.6976385336743393,0.6506052855924979,0.6806734867860187,=,=,=,=,=,0.12837453822108558,0.07503836317135558,0.12837453822108558,0.12837453822108558,0.10244103438476847,=,,0.88,0.88,0.88,0.72
titanic,survived,0.7,1,purity,4,0.6806734867860187,0.7338704177323103,0.7338704177323103,0.7379880647911338,0.6506052855924979,0.6806734867860187,+,=,-,=,=,0.18099175902244966,0.0018044899119068825,0.18099175902244966,0.12644217107132716,0.10244103438476847,+,1.0,0.88,1.0,1.0,0.56
titanic,survived,0.7,1,purity,8,0.6806734867860187,0.7356265984654732,0.7397101449275363,0.819855072463768,0.675626598465473,0.6806734867860187,+,=,-,=,=,0.1349076442171072,-0.06766695083830622,0.14304916169366305,0.12644217107132716,0.13157999431656728,+,0.9308303249097472,0.88,0.96,0.88,0.32
titanic,survived,0.7,1,purity,16,0.675456095481671,0.7385507246376812,0.76075873827792,0.8379624893435634,0.6984143222506394,0.6806734867860187,+,=,-,=,=,0.11597044614947435,-0.146393861892583,0.10824097755044054,0.126635407786303,0.13648479681727774,+,0.7396562062762342,0.88,0.92,0.8,0.28
titanic,survived,0.7,1,purity,32,0.667229326513214,0.7338959931798805,0.7654390451832908,0.8490878090366581,0.6995822676896846,0.6812617220801365,+,-,-,=,=,0.08394430235862473,-0.24310315430520021,0.07478829212844569,0.1512901392441035,0.13492753623188414,+,0.6788194444444429,0.92,0.72,0.72,0.12
titanic,survived,0.9,20,purity,2,0.26729752770673487,0.26729752770673487,0.26729752770673487,0.26729752770673487,0.1550468883205456,0.20294117647058824,=,=,=,=,=,0.1514407502131287,0.1514407502131287,0.1514407502131287,0.1514407502131287,0.04479113384484226,=,,0.96,0.96,0.96,0.96
titanic,survived,0.9,20,purity,4,0.4708098891730605,0.4708098891730605,0.4619863597612958,0.4702216538789428,0.47312872975277065,0.3860954816709292,=,=,=,=,=,0.23433930093776634,0.19669224211423691,0.1937510656436487,0.23433930093776634,0.20535379369138954,=,,0.96,0.96,0.92,0.92
titanic,survived,0.9,20,purity,8,0.4708098891730605,0.4644330775788576,0.4702216538789428,0.5141176470588236,0.47312872975277065,0.4532480818414322,=,=,=,=,=,0.22796248934356345,0.04554987212276204,0.19669224211423691,0.23433930093776634,0.20535379369138954,=,,0.96,0.96,0.92,0.72
titanic,survived,0.9,20,purity,16,0.4708098891730605,0.4644330775788576,0.4702216538789428,0.5298976982097187,0.47312872975277065,0.4532480818414322,=,=,=,=,=,0.22796248934356345,-0.11260869565217405,0.19669224211423691,0.23433930093776634,0.20535379369138954,+,,0.96,0.96,0.92,0.4
titanic,survived,0.9,20,purity,32,0.4708098891730605,0.4644330775788576,0.4702216538789428,0.5328218243819267,0.47312872975277065,0.4532480818414322,=,=,=,=,=,0.22796248934356345,-0.12019607843137269,0.19669224211423691,0.23433930093776634,0.20535379369138954,+,,0.96,0.96,0.92,0.36
titanic,survived,0.7,1,certified,2,0.26729752770673487,0.26729752770673487,0.26729752770673487,0.26729752770673487,0.5170417732310315,0.2549445865302643,=,=,=,-,=,0.2372605853935777,0.2372605853935777,0.2372605853935777,0.2372605853935777,0.35744813867576014,=,,1.0,1.0,1.0,1.0
titanic,survived,0.7,1,certified,4,0.3414748508098892,0.3414748508098892,0.3414748508098892,0.3420630861040068,0.5170417732310315,0.32912190963341864,=,=,=,-,=,0.28555839727195226,0.2861466325660699,0.28555839727195226,0.28555839727195226,0.35744813867576014,=,,1.0,1.0,1.0,1.0
titanic,survived,0.7,1,certified,8,0.3414748508098892,0.3414748508098892,0.3414748508098892,0.35433930093776644,0.5170417732310315,0.32912190963341864,=,=,=,-,=,0.28555839727195226,0.283384484228474,0.28555839727195226,0.28555839727195226,0.35744813867576014,=,,1.0,1.0,1.0,1.0
titanic,survived,0.7,1,certified,16,0.3414748508098892,0.3414748508098892,0.3414748508098892,0.35433930093776644,0.5170417732310315,0.32912190963341864,=,=,=,-,=,0.28555839727195226,0.283384484228474,0.28555839727195226,0.28555839727195226,0.35744813867576014,=,,1.0,1.0,1.0,1.0
titanic,survived,0.7,1,certified,32,0.3414748508098892,0.3414748508098892,0.3414748508098892,0.35433930093776644,0.5170417732310315,0.32912190963341864,=,=,=,-,=,0.28555839727195226,0.283384484228474,0.28555839727195226,0.28555839727195226,0.35744813867576014,=,,1.0,1.0,1.0,1.0
breast_cancer,recurrence-events,0.7,1,purity,2,0.23999999999999996,0.23999999999999996,0.23999999999999996,0.23999999999999996,0.26352941176470585,0.051764705882352935,=,=,=,=,+,0.020392156862745134,0.020392156862745134,0.020392156862745134,0.020392156862745134,-0.04392156862745094,=,,0.64,0.64,0.64,0.64
breast_cancer,recurrence-events,0.7,1,purity,4,0.25176470588235295,0.26588235294117646,0.2611764705882353,0.28705882352941176,0.28941176470588237,0.15294117647058822,=,=,=,=,=,-0.1074509803921568,-0.11372549019607839,-0.11764705882352937,-0.0007843137254901667,-0.03999999999999996,=,,0.64,0.44,0.44,0.52
breast_cancer,recurrence-events,0.7,1,purity,8,0.21882352941176467,0.27294117647058824,0.2988235294117647,0.3317647058823529,0.28470588235294114,0.17647058823529413,=,=,=,=,=,-0.3364705882352941,-0.30509803921568623,-0.23921568627450973,-0.09960784313725486,-0.10509803921568622,=,0.6764705882352944,0.4,0.16,0.36,0.24
breast_cancer,recurrence-events,0.7,1,purity,16,0.26823529411764707,0.30823529411764705,0.34823529411764703,0.4023529411764706,0.2917647058823529,0.22588235294117648,=,=,=,=,=,-0.3670588235294117,-0.624313725490196,-0.4258823529411764,-0.0941176470588235,-0.1309803921568627,=,0.5,0.4,0.08,0.04,0.08
breast_cancer,recurrence-events,0.7,1,purity,32,0.27294117647058824,0.3247058823529412,0.38588235294117645,0.48705882352941177,0.2964705882352941,0.24705882352941175,=,=,=,=,=,-0.3725490196078431,-0.9788235294117645,-0.6572549019607841,-0.10588235294117643,-0.12627450980392152,+,0.45833333333333337,0.32,0.04,0.0,0.0
thyroid_recurrence,Yes,0.9,1,purity,1,0.8234632034632036,0.8234632034632036,0.8234632034632036,0.8234632034632036,0.8234632034632036,0.8234632034632036,=,=,=,=,=,0.6582683982683983,0.6582683982683983,0.6582683982683983,0.6582683982683983,0.6582683982683983,=,,1.0,1.0,1.0,1.0
thyroid_recurrence,Yes,0.9,1,purity,2,0.8234632034632036,0.8234632034632036,0.8234632034632036,0.8516017316017316,0.8234632034632036,0.8234632034632036,=,=,=,=,=,0.6582683982683983,0.6373160173160173,0.6582683982683983,0.6582683982683983,0.6582683982683983,=,,1.0,1.0,1.0,0.96
thyroid_recurrence,Yes,0.9,1,purity,4,0.8234632034632036,0.8458874458874459,0.8457142857142859,0.860865800865801,0.8234632034632036,0.8234632034632036,=,=,=,=,=,0.5653679653679654,0.2982683982683982,0.5651948051948051,0.6582683982683983,0.6582683982683983,=,1.0077821011673096,1.0,1.0,1.0,0.84
thyroid_recurrence,Yes,0.9,1,purity,8,0.8275324675324676,0.8664069264069263,0.8738528138528139,0.872034632034632,0.8181818181818182,0.8236363636363636,=,=,=,=,=,0.35290043290043277,0.062424242424242264,0.5442424242424242,0.5625974025974027,0.5376623376623377,=,0.839252336448595,1.0,0.92,1.0,0.64
thyroid_recurrence,Yes,0.9,1,purity,16,0.8571428571428571,0.8794805194805195,0.8755844155844156,0.8887445887445888,0.85004329004329,0.8535064935064937,=,=,=,=,=,0.18363636363636351,-0.05411255411255432,0.04493506493506476,0.6257142857142857,0.4510822510822511,=,1.2112676056338054,1.0,0.8,0.56,0.64
thyroid_recurrence,Yes,0.9,1,purity,32,0.8347186147186147,0.8776623376623377,0.8811255411255411,0.8887445887445888,0.85004329004329,0.8422510822510823,=,=,=,=,=,0.13194805194805181,-0.1865800865800868,-0.2004329004329007,0.45445887445887445,0.4674458874458874,=,0.9253731343283597,0.92,0.76,0.36,0.56
breast_cancer_wisconsin,malignant,0.9,1,purity,1,0.5353401360544218,0.5353401360544218,0.5353401360544218,0.5353401360544218,0.0,0.2727721088435374,=,=,=,+,+,0.4229931972789116,0.4229931972789116,0.4229931972789116,0.4229931972789116,0.0,=,,1.0,1.0,1.0,1.0
breast_cancer_wisconsin,malignant,0.9,1,purity,2,0.5818537414965986,0.5818537414965986,0.5818537414965986,0.6422789115646259,0.07583333333333334,0.3765136054421769,=,=,=,+,+,0.38700680272108834,0.5299319727891156,0.38700680272108834,0.38700680272108834,-0.0891666666666667,-,,1.0,1.0,1.0,1.0
breast_cancer_wisconsin,malignant,0.9,1,purity,4,0.6157312925170068,0.6430272108843538,0.6141836734693877,0.7684353741496599,0.8903231292517007,0.5940136054421769,=,=,=,-,=,0.3589455782312925,0.4767006802721088,0.3893367346938775,0.39119047619047614,0.0016496598639453896,=,,0.92,0.92,0.92,1.0
breast_cancer_wisconsin,malignant,0.9,1,purity,8,0.7220238095238095,0.7369217687074829,0.6481802721088435,0.8812925170068029,0.8986224489795918,0.6995748299319727,=,=,=,-,=,0.3929931972789115,0.4026700680272108,0.42333333333333334,0.3926360544217687,-0.02755102040816345,=,,0.92,0.92,0.96,0.84
breast_cancer_wisconsin,malignant,0.9,1,purity,16,0.784234693877551,0.8116326530612242,0.7029591836734694,0.9352210884353741,0.8903231292517007,0.6995748299319727,=,+,=,-,=,0.3483163265306122,0.1804761904761903,0.440765306122449,0.3359183673469387,0.03180272108843521,=,,0.92,0.88,0.96,0.72
breast_cancer_wisconsin,malignant,0.9,1,purity,32,0.8191326530612245,0.8539965986394559,0.750170068027211,0.9368707482993197,0.8903061224489796,0.6971428571428572,=,+,=,=,+,0.1814455782312924,0.12227891156462567,0.44328231292516995,0.3112755102040815,0.024438775510203906,=,,0.88,0.68,0.96,0.72
car_evaluation,acc,0.9,1,purity,4,0.028154477101845522,0.028154477101845522,0.003643198906356801,0.003643198906356801,0.0,0.02501708817498291,=,=,=,=,=,-0.004695830485304178,-0.015058099794941906,-0.015058099794941906,-0.004695830485304178,0.0,=,,0.56,0.56,0.28,0.28
car_evaluation,acc,0.9,1,purity,8,0.0651948051948052,0.0651948051948052,0.01508544087491456,0.01508544087491456,0.0,0.056821599453178405,=,=,=,+,=,0.03701982228298017,-0.008291182501708825,-0.008291182501708825,0.03701982228298017,0.0,=,,0.84,0.84,0.72,0.72
car_evaluation,acc,0.9,1,purity,16,0.11462064251537937,0.11462064251537937,0.041127819548872194,0.041127819548872194,0.0,0.10467532467532469,=,=,=,+,=,0.04892002734107996,-0.019651401230348614,-0.019651401230348614,0.04892002734107996,0.0,=,,0.8,0.8,0.76,0.76
car_evaluation,acc,0.9,1,purity,32,0.20992481203007518,0.20992481203007518,0.11663021189336979,0.11663021189336979,0.0,0.19266575529733426,=,+,+,+,=,0.11137388926862611,-0.028673957621326074,-0.028673957621326074,0.11137388926862611,0.0,=,,0.92,0.92,0.56,0.56
nursery,spec_prior,0.9,1,purity,2,0.2114237721670807,0.2114237721670807,0.2114237721670807,0.2114237721670807,0.0,0.2114237721670807,=,=,=,+,=,0.19139133999926572,0.19139133999926572,0.19139133999926572,0.19139133999926572,0.0,=,,1.0,1.0,1.0,1.0
nursery,spec_prior,0.9,1,purity,4,0.2114237721670807,0.2114237721670807,0.2114237721670807,0.2114237721670807,0.2114237721670807,0.2114237721670807,=,=,=,=,=,0.19139133999926572,0.19139133999926572,0.19139133999926572,0.19139133999926572,0.19139133999926572,=,,1.0,1.0,1.0,1.0
nursery,spec_prior,0.9,1,purity,8,0.2099899031930387,0.37408376066284,0.37408376066284,0.40286932896009003,0.22680481954252285,0.2114237721670807,+,=,-,+,=,0.2734887221725881,0.2283865914403554,0.2734887221725881,0.18550753282992083,0.22012770930986797,+,1.0,1.0,1.0,1.0,1.0
nursery,spec_prior,0.9,1,purity,16,0.339958450109535,0.49084960041121534,0.4782870919972096,0.5181519171694673,0.2818995459496506,0.34074955023314446,+,+,-,+,=,0.4405487767565384,0.31740848621326906,0.3616678701244661,0.30612900659658054,0.25519000354918064,+,1.0908163937892685,1.0,1.0,1.0,1.0
nursery,spec_prior,0.9,1,purity,32,0.4228465652498501,0.5698315363056701,0.5872405120610948,0.678931941401804,0.2818995459496506,0.4228465652498501,+,-,-,+,=,0.467012630187617,0.315284423992461,0.41409440820472654,0.38278390385392064,0.25519000354918064,+,0.8941020877404108,1.0,1.0,1.0,1.0
nursery,priority,0.7,1,purity,2,0.1454757557703765,0.1454757557703765,0.14519472532541164,0.14519472532541164,0.0,0.1454757557703765,=,=,=,+,=,0.04155286068456558,0.04170898870954606,0.04170898870954606,0.04155286068456558,0.0,=,,1.0,1.0,1.0,1.0
nursery,priority,0.7,1,purity,4,0.2981716548014859,0.2981716548014859,0.2981716548014859,0.2981716548014859,0.6736993281736041,0.2981716548014859,=,=,=,-,=,0.0921875037178787,0.0921875037178787,0.0921875037178787,0.0921875037178787,0.35536609093313504,=,,1.0,1.0,1.0,1.0
nursery,priority,0.7,1,purity,8,0.6300980970867388,0.6300980970867388,0.6300980970867388,0.6300980970867388,0.6736993281736041,0.6300980970867388,=,=,=,-,=,0.21003147270093256,0.21003147270093256,0.21003147270093256,0.21003147270093256,0.35536609093313504,=,,1.0,1.0,1.0,1.0
nursery,priority,0.7,1,purity,16,0.6300980970867388,0.7434135479956402,0.7435540632181227,0.7439758285264023,0.6736993281736041,0.6300980970867388,+,=,-,+,=,0.2900928989203739,0.2790613832064451,0.29132682281299516,0.21003147270093256,0.35536609093313504,=,0.998761499925709,1.0,1.0,1.0,1.0
nursery,priority,0.7,1,purity,32,0.6300980970867388,0.8563990434641751,0.8687750905332056,0.902437354316354,0.6736993281736041,0.6300980970867388,+,-,-,+,=,0.3275977058515064,0.24346042300993972,0.3226916434899831,0.21003147270093256,0.35536609093313504,+,0.94814729777545,1.0,1.0,1.0,1.0
nursery,spec_prior,0.9,1,certified,2,0.2114237721670807,0.2114237721670807,0.2114237721670807,0.2114237721670807,0.0,0.2114237721670807,=,=,=,+,=,0.19139133999926572,0.19139133999926572,0.19139133999926572,0.19139133999926572,0.0,=,,1.0,1.0,1.0,1.0
nursery,spec_prior,0.9,1,certified,4,0.2114237721670807,0.2114237721670807,0.2114237721670807,0.2114237721670807,0.2114237721670807,0.2114237721670807,=,=,=,=,=,0.19139133999926572,0.19139133999926572,0.19139133999926572,0.19139133999926572,0.19139133999926572,=,,1.0,1.0,1.0,1.0
nursery,spec_prior,0.9,1,certified,8,0.2114237721670807,0.3407009019814219,0.3407009019814219,0.3698806129067789,0.22680481954252285,0.2114237721670807,+,=,-,+,=,0.3086508830116633,0.31646868765986613,0.3090958768311936,0.19139133999926572,0.22012770930986797,=,1.0,1.0,1.0,1.0,1.0
nursery,spec_prior,0.9,1,certified,16,0.34074955023314446,0.4933223390324199,0.4864454956002398,0.4869426868521216,0.22680481954252285,0.34074955023314446,+,=,-,+,=,0.4465825674038355,0.4219570671529452,0.44059571161071603,0.30914507581784134,0.22012770930986797,+,1.0471999643837253,1.0,1.0,1.0,1.0
nursery,spec_prior,0.9,1,certified,32,0.4228465652498501,0.4933223390324199,0.4864454956002398,0.5845699372162185,0.22680481954252285,0.4228465652498501,+,=,-,+,=,0.4465825674038355,0.49821910683033693,0.44059571161071603,0.38278390385392064,0.22012770930986797,-,1.108128287603157,1.0,1.0,1.0,1.0
nursery,priority,0.7,1,certified,2,0.1475390617492745,0.1475390617492745,0.1475390617492745,0.1475390617492745,0.0,0.1475390617492745,=,=,=,+,=,0.039786545717781674,0.040114414570240696,0.040114414570240696,0.039786545717781674,0.0,=,,1.0,1.0,1.0,1.0
nursery,priority,0.7,1,certified,4,0.27111267300147435,0.27111267300147435,0.27111267300147435,0.27111267300147435,0.6736993281736041,0.27111267300147435,=,=,=,-,=,0.0743197403113226,0.0743197403113226,0.0743197403113226,0.0743197403113226,0.35536609093313504,=,,1.0,1.0,1.0,1.0
nursery,priority,0.7,1,certified,8,0.35639558412106603,0.4170171676765569,0.4170171676765569,0.4170171676765569,0.6736993281736041,0.3566769440272794,=,=,=,-,=,0.13062865782063215,0.13062865782063215,0.13062865782063215,0.10501485778713693,0.35536609093313504,=,1.0,1.0,1.0,1.0,1.0
nursery,priority,0.7,1,certified,16,0.40492528093435204,0.5589274938157378,0.5664280085989386,0.5759905664262515,0.6736993281736041,0.40492528093435204,+,=,-,-,=,0.25985126654970797,0.2603950789471517,0.25411441273990043,0.2475047977794312,0.35536609093313504,=,0.9535579683906139,1.0,1.0,1.0,1.0
nursery,priority,0.7,1,certified,32,0.40492528093435204,0.6068913409347365,0.6664286675214356,0.6801186609596657,0.6736993281736041,0.40492528093435204,+,-,-,=,=,0.32312744750812905,0.3561012104955373,0.35094272590745995,0.2475047977794312,0.35536609093313504,=,0.7723267474133744,1.0,1.0,1.0,1.0
mushroom,poisonous,0.9,1,purity,1,0.5689449917898195,0.5689449917898195,0.5689449917898195,0.5689449917898195,0.0,0.5515806226705242,=,=,=,+,+,0.23799847525216977,0.23799847525216977,0.23799847525216977,0.23799847525216977,0.0,=,,1.0,1.0,1.0,1.0
mushroom,poisonous,0.9,1,purity,2,0.7784771092344985,0.8457593765475538,0.7590702947845805,0.8069444444444445,0.9601618904266689,0.6915195675971538,=,=,=,-,+,0.7354365405165897,0.11628059269684872,0.022454355305340404,0.18662424740010936,0.298233670862981,+,,0.6,1.0,0.6,0.6
mushroom,poisonous,0.9,1,purity,4,0.9111329397659448,0.9111329397659448,0.8549524982406757,0.9284986120885135,0.9785482967133212,0.9111329397659448,=,+,+,-,=,0.8008101037349805,0.597552095550864,0.524005981703026,0.9111329397659448,0.3166200771496337,+,,1.0,1.0,1.0,1.0
mushroom,poisonous,0.9,1,purity,8,0.9693550121197904,0.9939982602236297,0.9959139690358901,0.9996168582375479,0.9877414184064431,0.9693550121197904,+,=,-,+,=,0.9859522832121353,0.5916955000390961,0.6649674524982407,0.9693550121197904,0.767094280240832,+,0.9278695764177712,1.0,1.0,1.0,1.0
mushroom,poisonous,0.9,1,purity,16,0.9713979461516408,1.0,1.0,1.0,0.9969351917012015,0.9693550121197904,+,=,-,=,+,0.7793689889749003,0.5920786418015482,0.6690534834623504,0.9713979461516408,0.8567316965100217,+,1.0,1.0,1.0,1.0,1.0
mushroom,poisonous,0.9,1,purity,32,0.9859544009174552,1.0,1.0,1.0,0.9978291891469231,0.9877414184064431,+,=,-,=,=,0.7793689889749003,0.5920786418015482,0.6690534834623504,0.9859544009174552,0.8576256939557434,+,1.0,1.0,1.0,1.0,1.0
mushroom,poisonous,0.9,1,certified,1,0.5689449917898195,0.5689449917898195,0.5689449917898195,0.5689449917898195,0.0,0.5515806226705242,=,=,=,+,+,0.23799847525216977,0.23799847525216977,0.23799847525216977,0.23799847525216977,0.0,=,,1.0,1.0,1.0,1.0
mushroom,poisonous,0.9,1,certified,2,0.6915195675971538,0.8457593765475538,0.6343185550082102,0.7895789350222848,0.9601618904266689,0.6915195675971538,+,+,+,-,=,0.7354365405165897,0.4586324184846352,0.3033720384705606,0.6915195675971538,0.298233670862981,+,,1.0,1.0,1.0,1.0
mushroom,poisonous,0.9,1,certified,4,0.9111329397659448,0.9111329397659448,0.8549524982406757,0.9284986120885135,0.9601618904266689,0.9111329397659448,=,+,+,-,=,0.8008101037349805,0.597552095550864,0.524005981703026,0.9111329397659448,0.298233670862981,+,,1.0,1.0,1.0,1.0
mushroom,poisonous,0.9,1,certified,8,0.9601618904266689,0.9775275627492377,0.9775275627492377,0.9979570659681496,0.9601618904266689,0.9601618904266689,+,=,-,+,=,0.6465810462115881,0.44637074178330316,0.6465810462115881,0.9601618904266689,0.298233670862981,+,1.0,1.0,1.0,1.0,1.0
mushroom,poisonous,0.9,1,certified,16,0.9601618904266689,0.9775275627492377,0.9775275627492377,1.0,0.9601618904266689,0.9601618904266689,+,=,-,+,=,0.6465810462115881,0.3380908397841894,0.6465810462115881,0.9601618904266689,0.298233670862981,+,1.0,1.0,1.0,1.0,1.0
mushroom,poisonous,0.9,1,certified,32,0.9601618904266689,0.9775275627492377,0.9775275627492377,1.0,0.9601618904266689,0.9601618904266689,+,=,-,+,=,0.6465810462115881,0.3380908397841894,0.6465810462115881,0.9601618904266689,0.298233670862981,+,1.0,1.0,1.0,1.0,1.0
chess_krkp,won,0.9,1,purity,1,0.34992537447627264,0.34992537447627264,0.34992537447627264,0.34992537447627264,0.34992537447627264,0.34992537447627264,=,=,=,=,=,0.34992537447627264,0.34992537447627264,0.34992537447627264,0.34992537447627264,0.34992537447627264,=,,1.0,1.0,1.0,1.0
chess_krkp,won,0.9,1,purity,2,0.34992537447627264,0.34992537447627264,0.34992537447627264,0.34992537447627264,0.34992537447627264,0.34992537447627264,=,=,=,=,=,0.34992537447627264,0.34992537447627264,0.34992537447627264,0.34992537447627264,0.34992537447627264,=,,1.0,1.0,1.0,1.0
chess_krkp,won,0.9,1,purity,4,0.7058064052076027,0.7058064052076027,0.7058064052076027,0.8681681681681681,0.3517217816619015,0.34992537447627264,=,=,=,+,+,0.037105968243692646,0.5338745931560303,0.037105968243692646,0.037105968243692646,0.3517217816619015,-,,0.4,0.4,0.4,1.0
chess_krkp,won,0.9,1,purity,8,0.7058064052076027,0.842419665174156,0.8436190681699663,0.9556724389059719,0.42297926669184155,0.34992537447627264,+,=,-,+,+,0.6374674075272877,0.2815827803851754,0.6386668105230979,0.037105968243692646,0.42297926669184155,+,0.9912968593013989,0.4,1.0,1.0,0.8
chess_krkp,won,0.9,1,purity,16,0.7219758680836525,0.842419665174156,0.9167161173149196,0.9760371149592706,0.42297926669184155,0.35351818884753017,+,-,-,+,+,0.6374674075272877,0.14562766359173532,0.6524662386937836,0.5170236104367841,0.42297926669184155,+,0.6184843532138463,1.0,1.0,1.0,0.8
chess_krkp,won,0.9,1,purity,32,0.842419665174156,0.842419665174156,0.9239053424682167,0.9790347233461005,0.42297926669184155,0.35351818884753017,=,-,-,+,+,0.6374674075272877,0.08390606175037295,0.643487799176422,0.6374674075272877,0.42297926669184155,+,0.0,1.0,1.0,1.0,0.8
chess_krkp,won,0.9,1,certified,1,0.34992537447627264,0.34992537447627264,0.34992537447627264,0.34992537447627264,0.34992537447627264,0.34992537447627264,=,=,=,=,=,0.34992537447627264,0.34992537447627264,0.34992537447627264,0.34992537447627264,0.34992537447627264,=,,1.0,1.0,1.0,1.0
chess_krkp,won,0.9,1,certified,2,0.34992537447627264,0.34992537447627264,0.34992537447627264,0.34992537447627264,0.34992537447627264,0.34992537447627264,=,=,=,=,=,0.34992537447627264,0.34992537447627264,0.34992537447627264,0.34992537447627264,0.34992537447627264,=,,1.0,1.0,1.0,1.0
chess_krkp,won,0.9,1,certified,4,0.5691823560087033,0.5691823560087033,0.5691823560087033,0.842419665174156,0.3517217816619015,0.34992537447627264,=,=,=,+,+,0.36423009836183484,0.6374674075272877,0.36423009836183484,0.36423009836183484,0.3517217816619015,-,,1.0,1.0,1.0,1.0
chess_krkp,won,0.9,1,certified,8,0.5691823560087033,0.8088867310424195,0.8088867310424195,0.9125191059322797,0.4199852547157937,0.34992537447627264,+,=,-,+,+,0.6254913596230962,0.707566848285411,0.6254913596230962,0.36423009836183484,0.4199852547157937,-,1.0,1.0,1.0,1.0,1.0
chess_krkp,won,0.9,1,certified,16,0.5691823560087033,0.8088867310424195,0.8088867310424195,0.9424808041574508,0.4199852547157937,0.34992537447627264,+,=,-,+,+,0.6254913596230962,0.7159716602830375,0.6254913596230962,0.36423009836183484,0.4199852547157937,-,1.0,1.0,1.0,1.0,1.0
chess_krkp,won,0.9,1,certified,32,0.5691823560087033,0.8088867310424195,0.8088867310424195,0.9424808041574508,0.4199852547157937,0.34992537447627264,+,=,-,+,+,0.6254913596230962,0.7159716602830375,0.6254913596230962,0.36423009836183484,0.4199852547157937,-,1.0,1.0,1.0,1.0,1.0
adult,>50K,0.7,20,purity,1,0.05279395362950973,0.05279395362950973,0.05279395362950973,0.05279395362950973,0.0,0.05279395362950973,=,=,=,+,=,0.009468751231567069,0.009468751231567069,0.009468751231567069,0.009468751231567069,0.0,=,,0.9,0.9,0.9,0.9
adult,>50K,0.7,20,purity,2,0.18914161407608404,0.18914161407608404,0.18914161407608404,0.18914161407608404,0.17130106191431552,0.09994024421357176,=,=,=,+,+,0.005661334583720902,0.005661334583720902,0.005661334583720902,0.005661334583720902,0.019765707291938543,=,,0.7,0.7,0.7,0.7
adult,>50K,0.7,20,purity,4,0.1907676303362466,0.25618120077468387,0.2493795281251178,0.3134664835009973,0.17130106191431552,0.1535033545599064,+,=,-,+,+,0.036564465054852724,0.00610273431985596,0.03066018461274166,0.006887978429106723,0.019765707291938543,+,1.1160459378753904,0.7,1.0,1.0,0.7
adult,>50K,0.7,20,purity,8,0.25618120077468387,0.35774810181580724,0.3604001240138465,0.436809601043649,0.19068014713283868,0.2026597090067069,+,=,-,+,+,0.02043658877001182,-0.018796004177231394,0.018096840123774743,0.036564465054852724,0.04483439746828247,+,0.9745533525427681,1.0,0.9,0.9,0.1
adult,>50K,0.7,20,purity,16,0.2828784938833135,0.395139411256343,0.40035851641664405,0.5574129935617488,0.20291467312944259,0.2627272321302746,+,=,-,+,=,0.024685453959127454,-0.09824296025590475,0.021718748455775094,0.02772316483238673,0.05577151827526561,+,0.9555745304796794,0.9,0.9,0.9,0.0
adult,>50K,0.7,20,purity,32,0.31458072302122325,0.4235467996704189,0.43509754743218493,0.6298446935214479,0.20300021632875823,0.31641959067377806,+,=,-,+,=,0.030133198972798387,-0.18453429347674227,0.023117100965255787,0.05383541859370693,0.054958857881766895,+,0.9041565539233093,1.0,1.0,0.9,0.0
adult,>50K,0.7,20,certified,2,0.1049910997736784,0.1049910997736784,0.1049910997736784,0.1049910997736784,0.0,0.07371572644185313,=,=,=,+,=,0.022032242135937196,0.022032242135937196,0.022032242135937196,0.022032242135937196,0.0,=,,1.0,1.0,1.0,1.0
adult,>50K,0.7,20,certified,4,0.14687309774362883,0.14772889577529336,0.14807121498795917,0.15919499713208826,0.1090522055101241,0.1087544514858052,=,=,=,=,=,0.03113111145518732,0.030817434755771193,0.030474999630911187,0.03207248929001831,0.048258303370031154,=,,1.0,1.0,1.0,1.0
adult,>50K,0.7,20,certified,8,0.14944082127327957,0.21109096679188846,0.18717534672082575,0.26409969351595725,0.13279575087858392,0.12582463900367244,+,=,-,+,=,0.07292848132209206,0.05396113451927372,0.047917149379949085,0.038732456231860515,0.06930715255106268,+,1.6337861623384455,1.0,1.0,1.0,1.0
adult,>50K,0.7,20,certified,16,0.15585762273362685,0.231796191222909,0.22020488639445848,0.3542408672477162,0.14366283021706447,0.1328415056920818,+,=,-,+,=,0.0818556785810981,0.0552583017838643,0.06796815318565144,0.055730192527714315,0.07847715535369752,+,1.1801367170723405,1.0,1.0,1.0,1.0
adult,>50K,0.7,20,certified,32,0.15585762273362685,0.231796191222909,0.2226000959752968,0.42282028643977404,0.14366283021706447,0.13639154846368146,+,=,-,+,=,0.0818556785810981,0.03309793396884944,0.06956495957287699,0.055730192527714315,0.07847715535369752,+,1.1377847538600159,1.0,1.0,1.0,0.8
hmda,yes,0.5,20,purity,1,0.15438596491228068,0.15438596491228068,0.15438596491228068,0.15438596491228068,0.15438596491228068,0.15438596491228068,=,=,=,=,=,0.14035087719298248,0.14035087719298248,0.14035087719298248,0.14035087719298248,0.14035087719298248,=,,1.0,1.0,1.0,1.0
hmda,yes,0.5,20,purity,2,0.1754385964912281,0.1754385964912281,0.1754385964912281,0.1754385964912281,0.22245614035087719,0.15438596491228068,=,=,=,=,=,0.01543859649122807,0.01543859649122807,0.01543859649122807,0.01543859649122807,0.021052631578947368,=,,0.56,0.56,0.56,0.56
hmda,yes,0.5,20,purity,4,0.1887719298245614,0.2526315789473684,0.2526315789473684,0.303859649122807,0.27578947368421053,0.15438596491228068,=,=,=,=,=,0.1368421052631579,0.11298245614035088,0.1368421052631579,0.011929824561403507,0.07228070175438596,=,1.0,0.64,0.96,0.96,0.96
hmda,yes,0.5,20,purity,8,0.19508771929824562,0.2926315789473684,0.27228070175438596,0.3978947368421053,0.29403508771929826,0.15438596491228068,+,=,-,=,=,0.12210526315789474,0.028070175438596485,0.1319298245614035,0.01263157894736842,0.11789473684210523,+,1.2636363636363637,0.64,0.88,0.96,0.6
hmda,yes,0.5,20,purity,16,0.1894736842105263,0.2926315789473684,0.27228070175438596,0.4491228070175439,0.2975438596491228,0.15438596491228068,+,=,-,=,=,0.12210526315789474,-0.08350877192982456,0.1319298245614035,0.010526315789473684,0.11929824561403507,+,1.2457627118644068,0.6,0.88,0.96,0.32
hmda,yes,0.5,20,purity,32,0.1894736842105263,0.2926315789473684,0.27228070175438596,0.5066666666666667,0.2975438596491228,0.15438596491228068,+,=,-,=,=,0.12210526315789474,-0.1957894736842105,0.1319298245614035,0.010526315789473684,0.11929824561403507,+,1.2457627118644068,0.6,0.88,0.96,0.0
hmda,yes,0.5,20,certified,1,0.15438596491228068,0.15438596491228068,0.15438596491228068,0.15438596491228068,0.15438596491228068,0.15438596491228068,=,=,=,=,=,0.14035087719298248,0.14035087719298248,0.14035087719298248,0.14035087719298248,0.14035087719298248,=,,1.0,1.0,1.0,1.0
hmda,yes,0.5,20,certified,2,0.15438596491228068,0.15438596491228068,0.15438596491228068,0.15438596491228068,0.15438596491228068,0.15438596491228068,=,=,=,=,=,0.14035087719298248,0.14035087719298248,0.14035087719298248,0.14035087719298248,0.14035087719298248,=,,1.0,1.0,1.0,1.0
hmda,yes,0.5,20,certified,4,0.15438596491228068,0.15438596491228068,0.15438596491228068,0.15438596491228068,0.15438596491228068,0.15438596491228068,=,=,=,=,=,0.14035087719298248,0.14035087719298248,0.14035087719298248,0.14035087719298248,0.14035087719298248,=,,1.0,1.0,1.0,1.0
hmda,yes,0.5,20,certified,8,0.15438596491228068,0.15438596491228068,0.15438596491228068,0.15438596491228068,0.15438596491228068,0.15438596491228068,=,=,=,=,=,0.14035087719298248,0.14035087719298248,0.14035087719298248,0.14035087719298248,0.14035087719298248,=,,1.0,1.0,1.0,1.0
hmda,yes,0.5,20,certified,16,0.15438596491228068,0.15438596491228068,0.15438596491228068,0.15438596491228068,0.15438596491228068,0.15438596491228068,=,=,=,=,=,0.14035087719298248,0.14035087719298248,0.14035087719298248,0.14035087719298248,0.14035087719298248,=,,1.0,1.0,1.0,1.0
hmda,yes,0.5,20,certified,32,0.15438596491228068,0.15438596491228068,0.15438596491228068,0.15438596491228068,0.15438596491228068,0.15438596491228068,=,=,=,=,=,0.14035087719298248,0.14035087719298248,0.14035087719298248,0.14035087719298248,0.14035087719298248,=,,1.0,1.0,1.0,1.0
attrition,Yes,0.5,20,purity,2,0.34005319148936164,0.34005319148936164,0.34005319148936164,0.34005319148936164,0.3281382978723404,0.19867021276595742,=,=,=,=,=,0.02533687943262411,0.02533687943262411,0.02533687943262411,0.02533687943262411,0.026187943262411344,=,,0.64,0.64,0.64,0.64
attrition,Yes,0.5,20,purity,4,0.34005319148936164,0.3468262411347517,0.34342198581560285,0.40434397163120567,0.34090425531914886,0.21209219858156025,=,=,=,=,=,0.03299645390070922,-0.07349290780141843,0.023634751773049644,0.02533687943262411,0.033847517730496456,+,,0.64,0.68,0.64,0.32
attrition,Yes,0.5,20,purity,8,0.34430851063829787,0.43287234042553197,0.438741134751773,0.5266666666666667,0.3375,0.22219858156028366,+,=,-,+,=,0.033847517730496456,-0.1173581560283688,0.03375886524822695,0.03214539007092198,0.030443262411347517,+,0.9378520465640264,0.68,0.68,0.68,0.12
attrition,Yes,0.5,20,purity,16,0.34430851063829787,0.4286702127659574,0.4741666666666666,0.6271631205673759,0.33826241134751767,0.2256028368794326,+,-,-,+,=,0.019414893617021277,-0.27101063829787236,-0.010868794326241138,0.03214539007092198,0.030443262411347517,+,0.6496450027307481,0.68,0.64,0.52,0.0
attrition,Yes,0.5,20,purity,32,0.34430851063829787,0.4286702127659574,0.4741666666666666,0.6928900709219858,0.3433333333333334,0.2256028368794326,+,-,-,+,=,0.019414893617021277,-0.5410283687943263,-0.010868794326241138,0.03214539007092198,0.025407801418439714,+,0.6496450027307481,0.68,0.64,0.52,0.0
credit,bad,0.7,20,purity,2,0.1650626294820717,0.1650626294820717,0.1650626294820717,0.1650626294820717,0.1650626294820717,0.05217338645418326,=,=,=,=,+,0.04224637450199205,0.04224637450199205,0.04224637450199205,0.04224637450199205,0.04224637450199205,=,,0.92,0.92,0.92,0.92
credit,bad,0.7,20,purity,4,0.1650626294820717,0.1650626294820717,0.1650626294820717,0.2331563346613546,0.1650626294820717,0.058395537848605586,=,=,=,=,+,0.04224637450199205,0.004279203187251027,0.04224637450199205,0.04224637450199205,0.04224637450199205,=,,0.92,0.92,0.92,0.6
credit,bad,0.7,20,purity,8,0.16075219123505977,0.21546581673306772,0.21897115537848605,0.3167343426294821,0.1650626294820717,0.07863776892430278,+,=,-,+,+,0.02455861885790176,-0.03160499335989372,0.02954390438247014,0.004429641434262969,0.04224637450199205,+,0.9397904326022928,0.6,0.76,0.72,0.32
credit,bad,0.7,20,purity,16,0.17032541832669323,0.23715059760956173,0.2671388047808765,0.4098709163346613,0.1650626294820717,0.09458613545816735,+,-,-,+,+,0.02278289508632141,-0.11262470119521907,0.01706347941567068,0.005831181938911043,0.04224637450199205,+,0.6902473070136161,0.56,0.72,0.64,0.0
credit,bad,0.7,20,purity,32,0.17049434262948207,0.23795059760956175,0.29695617529880475,0.4966342629482072,0.1650626294820717,0.10653768924302788,+,-,-,+,+,0.016885205843293522,-0.19106358565737044,0.00669917662682606,0.00822374501992034,0.04224637450199205,+,0.533411967518033,0.6,0.68,0.6,0.0
resume,yes,0.3,20,purity,4,0.021927945472249268,0.021927945472249268,0.021927945472249268,0.021927945472249268,0.021953911067835123,0.015800064913988967,=,=,=,=,=,-0.05897621365975797,-0.05897621365975797,-0.05897621365975797,-0.05897621365975797,-0.03247925070709881,=,,0.04,0.04,0.04,0.04
resume,yes,0.3,20,purity,8,0.03468354430379747,0.04182408308990587,0.056604998377150266,0.05150275884453099,0.033677377474845824,0.01732554365465758,=,=,=,=,=,-0.057455371632586835,-0.08385681828719806,-0.07505169935549684,-0.055426345806092646,-0.04022998098947467,=,0.3257328990228013,0.08,0.0,0.0,0.0
resume,yes,0.3,20,purity,16,0.03622200584225901,0.03981824083089906,0.10456994482310938,0.10149951314508276,0.039311911716975005,0.01732554365465758,=,-,-,=,=,-0.06929846524783234,-0.15169842815412435,-0.11830110817452592,-0.055423563777994164,-0.04249362451894099,+,0.05261658277139335,0.08,0.04,0.0,0.0
resume,yes,0.3,20,purity,32,0.03622200584225901,0.03981824083089906,0.14589419019798766,0.17604673807205454,0.039311911716975005,0.01732554365465758,=,-,-,=,=,-0.06929846524783234,-0.2214299624426207,-0.1729123197477628,-0.055423563777994164,-0.04249362451894099,+,0.03279076649896423,0.08,0.04,0.0,0.0
wa_churn,Yes,0.7,20,purity,2,0.29962781895600066,0.29962781895600066,0.29962781895600066,0.29962781895600066,0.0,0.29962781895600066,=,=,=,+,=,0.0149819596373768,0.0149819596373768,0.0149819596373768,0.0149819596373768,0.0,=,,0.72,0.72,0.72,0.72
wa_churn,Yes,0.7,20,purity,4,0.29962781895600066,0.29962781895600066,0.29962781895600066,0.3317259967599031,0.29662972573869906,0.29962781895600066,=,=,=,=,=,0.0149819596373768,0.02086421700047315,0.0149819596373768,0.0149819596373768,0.017478745824432658,=,,0.72,0.72,0.72,0.68
wa_churn,Yes,0.7,20,purity,8,0.29962781895600066,0.33312239251050163,0.3447861679402445,0.39100686728505685,0.2972714369686456,0.29962781895600066,+,=,-,+,=,-0.0037211413934327823,-0.052192322212823654,-0.0010446684157454924,0.0149819596373768,0.0163735764839692,+,0.74171386483123,0.72,0.48,0.52,0.2
wa_churn,Yes,0.7,20,purity,16,0.3013401958394862,0.3339794411549656,0.37196800045877476,0.44494559217788987,0.2972714369686456,0.3031598113288698,+,-,-,+,=,-0.004113202678097757,-0.11612019899356275,-0.011074536565783954,0.026928741762364258,0.0163735764839692,+,0.46213025438660693,0.84,0.48,0.48,0.04
wa_churn,Yes,0.7,20,purity,32,0.3046557038608766,0.3339794411549656,0.3723969548823673,0.4884982294160657,0.2972714369686456,0.3031598113288698,+,-,-,+,=,-0.004113202678097757,-0.19365896785231268,-0.011146028969716037,0.02475405370532326,0.0163735764839692,+,0.4328785909900915,0.76,0.48,0.48,0.0
mlc_churn,yes,0.7,20,purity,2,0.10835680751173708,0.10835680751173708,0.10835680751173708,0.10835680751173708,0.12362401358505642,0.12873039656377983,=,=,=,=,=,0.049658708753704255,0.049658708753704255,0.049658708753704255,0.049658708753704255,0.09721173375953118,=,,0.76,0.76,0.76,0.76
mlc_churn,yes,0.7,20,purity,4,0.11658375786634703,0.14769553491159726,0.13977824393167515,0.2283088602537209,0.14228748376785536,0.12873039656377983,=,=,=,=,=,0.04007924616255453,0.07114973529117972,0.03408717077880999,0.01684546998301869,0.0392767955249226,=,1.3413436692506473,0.6,0.68,0.68,0.76
mlc_churn,yes,0.7,20,purity,8,0.11094396164219358,0.22837678553591048,0.24984317251023874,0.34267106183198487,0.17851163719908103,0.12873039656377983,+,=,-,=,=,0.07253221456397965,0.09706855791962181,0.07160922984716812,-0.0020051276928711604,0.05247294642559853,=,0.8454534994102924,0.52,0.8,0.88,0.88
mlc_churn,yes,0.7,20,purity,16,0.16012386374987514,0.24646688642493259,0.32791329537508745,0.40686644690840074,0.2084986514833683,0.1301388472680052,+,-,-,=,=,0.09524190057603306,0.060271701128758404,0.08106149901774717,0.023400925648453388,0.06597675889854496,=,0.5145915439294175,0.76,0.84,0.84,0.76
mlc_churn,yes,0.7,20,purity,32,0.15984017580661272,0.24646688642493259,0.33130955948456703,0.5044511037858356,0.21189691339526517,0.13042253521126762,+,-,-,=,=,0.09524190057603306,0.02123597376219498,0.08247660906336368,0.025764991842306816,0.0687130822761629,=,0.5052022043831338,0.76,0.84,0.84,0.56
mlc_churn,yes,0.7,20,certified,2,0.08570971930876035,0.08570971930876035,0.08570971930876035,0.08570971930876035,0.08570971930876035,0.08570971930876035,=,=,=,=,=,0.067893317350914,0.067893317350914,0.067893317350914,0.067893317350914,0.067893317350914,=,,0.76,0.76,0.76,0.76
mlc_churn,yes,0.7,20,certified,4,0.08570971930876035,0.08570971930876035,0.08570971930876035,0.08570971930876035,0.1156947357906303,0.08570971930876035,=,=,=,=,=,0.067893317350914,0.067893317350914,0.067893317350914,0.067893317350914,0.09787833383278394,=,,0.76,0.76,0.76,0.76
mlc_churn,yes,0.7,20,certified,8,0.08570971930876035,0.08570971930876035,0.08570971930876035,0.08570971930876035,0.1156947357906303,0.08570971930876035,=,=,=,=,=,0.067893317350914,0.067893317350914,0.067893317350914,0.067893317350914,0.09787833383278394,=,,0.76,0.76,0.76,0.76
mlc_churn,yes,0.7,20,certified,16,0.08570971930876035,0.08570971930876035,0.08570971930876035,0.08570971930876035,0.1156947357906303,0.08570971930876035,=,=,=,=,=,0.067893317350914,0.067893317350914,0.067893317350914,0.067893317350914,0.09787833383278394,=,,0.76,0.76,0.76,0.76
mlc_churn,yes,0.7,20,certified,32,0.08570971930876035,0.08570971930876035,0.08570971930876035,0.08570971930876035,0.1156947357906303,0.08570971930876035,=,=,=,=,=,0.067893317350914,0.067893317350914,0.067893317350914,0.067893317350914,0.09787833383278394,=,,0.76,0.76,0.76,0.76
